key,context,en,de,es,fr,pt,it,nl,pl,ru,ja,zh,pt_BR,bg,cs,da,et,fi,el,hu,lv,lt,ro,sk,sl,sv,hi,af,sq,am,ar,hy,az,bn,eu,be,my,ca,hr,is,id,kn,kk,km,ko,ky,lo,mk,ms,ml,mn,ne,no,fa,pa,rm,si,ta,te,th,tr,uk,ur,vi,zu,fil,gl,ka,he,sr,gu,sw
read_only_event,,This event can’t be edited,Dieses Termin kann nicht bearbeitet werden,Este evento no puede ser editado,Cet événement ne peut pas être modifié,Este evento não pode ser editado,Questo evento non può essere modificato,Dit evenement kan niet worden bewerkt,To wydarzenie nie może zostać edytowane,Это событие нельзя редактировать,このイベントは編集できません,此事件无法编辑。,Este evento não pode ser editado.,Това събитие не може да бъде редактирано.,Tato událost nemůže být upravena.,Denne begivenhed kan ikke redigeres,Seda sündmust ei saa muuta,Tätä tapahtumaa ei voida muokata.,Αυτό το γεγονός δεν μπορεί να επεξεργαστεί,Ez az esemény nem szerkeszthető,Šis notikums nevar tikt rediģēts,Šio įvykio redaguoti negalima.,Acest eveniment nu poate fi editat.,Táto udalosť nemôže byť upravená,Ta dogodek ni mogoče urejati.,Det går inte att redigera det här evenemanget,यह इवेंट संपादित नहीं किया जा सकता,Hierdie gebeurtenis kan nie geredigeer word nie,Ky ngjarje nuk mund të redaktohet.,ይህ ክስተት አይስተካከልም።,لا يمكن تعديل هذا الحدث,Այս միջոցառումը չի կարող խմբագրվել,Bu tədbir redaktə edilə bilməz.,এই ঘটনা সম্পাদনা করা যাবে না,Ezin daitezke ekitaldiaren aldaketak egin,Гэта падзея не можа быць адрэдагавана.,ဒီပွဲကို ပြင်ဆင်လို့မရပါ။,Aquest esdeveniment no es pot editar.,Ovaj događaj nije moguće urediti.,Þessi atburður getur ekki verið breytt,Acara ini tidak dapat diedit,ಈ ಘಟನೆಯನ್ನು ಸಂಪಾದಿಸಲು ಸಾಧ್ಯವಿಲ್ಲ,Бұл оқиға өзгертілмейді,ព្រឹត្តិការនេះមិនអាចកែបានទេ។,이 이벤트는 수정할 수 없습니다.,Бул иш-чара түзөтүлө албайт,ເຫດການນີ້ບໍ່ສາມາດແກ້ໄຂໄດ້,Овој настан не може да се уредува,Acara ini tidak boleh diedit,ഈ ഇവന്റ് എഡിറ്റ് ചെയ്യാനാകില്ല,Энэ үйл явдлыг засварлах боломжгүй,यो घटना सम्पादन गर्न सकिँदैन।,Denne hendelsen kan ikke redigeres,این رویداد قابل ویرایش نیست,ਇਹ ਘਟਨਾ ਨੂੰ ਸੋਧਿਆ ਨਹੀਂ ਜਾ ਸਕਦਾ।,Quest eveniment na po betg vegnir modifitgà,මෙම සිදුවීම සංස්කරණය කළ නොහැක.,இந்த நிகழ்வை திருத்த முடியாது,ఈ ఈవెంట్‌ను సవరించలేము,ไม่สามารถแก้ไขเหตุการณ์นี้ได้,Bu etkinlik düzenlenemez,Ця подія не може бути відредагована,یہ واقعہ ترمیم نہیں کیا جا سکتا,Sự kiện này không thể chỉnh sửa,Le mpihlokaniso ayikwazi ukuhlelwa,Hindi maaaring i-edit ang event na ito.,Este evento non se pode editar,ეს ღონისძიება ვერ შეიცვლება,אין אפשרות לערוך אירוע זה,Ovaj događaj ne može biti izmenjen.,આ ઇવેન્ટને સંપાદિત કરી શકાતું નથી,Tukio hili haliwezi kuhaririwa
add_event,,New event,Neuer Termin,Nuevo evento,Nouveau rendez-vous,Novo Compromisso,Nuovo appuntamento,Nieuwe afspraak,Nowe spotkanie,Новая встреча,新しい予定,新建日程,Novo Compromisso,Нова среща,Nový termín,Ny aftale,Uus kohtumine,Uusi tapaaminen,Νέο ραντεβού,Új időpont,Jauns notikums,Naujas susitikimas,Eveniment Nou,Nový termín,Nov termin,Nytt möte,नई नियुक्ति,Nuwe Afspraak,Termin i Ri,አዲስ ቀን,موعد جديد,Նոր հանդիպում,Yeni Tədbir,নতুন অ্যাপয়েন্টমেন্ট,Hitzordu berria,Новая сустрэча,အချိန်ခ်ိန်း အသစ်,Nova cita,Novi termin,Ný viðburður,Janji Baru,ಹೊಸ ನೇಮಕಾತಿ,Жаңа кездесу,ការកត់ត្រាថ្មី,새 일정,Жаңы жолугушуу,ការបញ្ចូលថ្មី,Нов термин,Janji Temu Baru,പുതിയ നിശ്ചയം,Шинэ уулзалт,नयाँ बैठक,Ny avtale,قرار جدید,ਨਵੀਂ ਮੀਟਿੰਗ,Nov termin,නව අවස්ථාව,புதிய நிகழ்வு,కొత్త అపాయింట్మెంట్,นัดหมายใหม่,Yeni Randevu,Нова подія,نئی تقرری,Cuộc hẹn mới,Umhlangano Omusha,Bagong Appointment,Novo evento,ახალი შეხვედრა,תור חדש,Novi termin,નવો નિયુક્તિ,Mkutano Mpya
read_only,Read-only calendar event.,Read-only,Schreibgeschützt,Solo lectura,Lecture seule,Somente leitura,Sola lettura,Alleen-lezen,Tylko do odczytu,Только для чтения,読み取り専用,只读,Somente leitura,Само за четене,Pouze pro čtení,Skrivebeskyttet,Ainult lugemiseks,Vain luku,Μόνο για ανάγνωση,Csak olvasható,Tikai lasāms,Tik skaitymui,Doar citire,Len na čítanie,Samo za branje,Skrivskyddad,सिर्फ़ पढ़ने योग्य,Slegs-lees,Vetëm për lexim,እንባቢ ብቻ,قراءة فقط,Միայն կարդալյին,Yalnız oxumaq,শুধুমাত্র-পঠনযোগ্য,Irakurketa-soila,Толькі для чытання,ဖတ်ရန်သာ,Només de lectura,Samo za čitanje,Lesanlegt μόνο,Hanya-baca,ಓದು-ಮಾತ್ರ,Тек оқу,មើល-តែ,읽기 전용,Окуу үчүн гана,អាន-តែ,Само за читање,Baca sahaja,വായിക്കുക മാത്രമുള്ള,Зөвхөн унших,पढ्न-भरिएको,Skrivebeskyttet,فقط خواندنی,ਕੇਵਲ-ਪাঠਯ,Mo solamente,කියවිය හැකි පමණි,மட்டுமே படிக்கக் கூடிய,కేవలం చదవు,อ่านอย่างเดียว,Salt okunur,Тільки для читання,صرف پڑھنے کے لئے,Chỉ đọc,Ukuhlolwa kuphela,Basahin-lamang,Só de lectura,მხოლოდ წაკითხვისთვის,קריאה בלבד,Samo za čitanje,વાંચવા માટેનું,Soma tu
edit_event,,Edit event,Termin bearbeiten,Editar evento,Modifier l'événement,Editar evento,Modifica evento,Evenement bewerken,Edytuj wydarzenie,Редактировать событие,イベントを編集する,编辑事件,Editar evento,Редактиране на събитие,Upravit událost,Rediger begivenhed,Redigeeri sündmust,Muokkaa tapahtumaa,Επεξεργασία εκδήλωσης,Esemény szerkesztése,Rediģēt notikumu,Redaguoti įvykį,Editează evenimentul,Upraviť udalosť,Uredi dogodek,Redigera händelse,इवेंट संपादित करें,Wysig gebeurtenis,Redakto ngjarjen,ክርክር ክግኝ,تعديل الحدث,Խմբագրել միջոցառումը,Tədbiri redaktə et,ইভেন্ট সম্পাদনা করুন,Ekitaldia editatu,Рэдагаваць падзею,ပွဲပြင်ဆင်ရန်,Edita l'esdeveniment,Uredi događaj,Breyta atburði,Sunting acara,ಈವೆಂಟ್ ಸಂಪಾದಿಸಿ,Оқиғаны өңдеу,កែតម្រូវព្រឹត្តិការណ៍,이벤트 수정,Окуяны оңдоо,ແກ້ໄຂເຫດການ,Уреди настан,Sunting acara,ഇവന്റ് പെടുത്തുക,Тэмдэглэл засварлах,घटना सम्पादन गर्नुहोस्,Rediger hendelse,ویرایش رویداد,ਸੰਪਾਦਨ ਕਾਰਜ,Modifit l'occurrenza,ඝට්ටු සංශෝධනය,நிகழ்வை திருத்துக,ఈవెంట్‌ని సవరించు,แก้ไขกิจกรรม,Etkinliği düzenle,Редагувати подію,واقعہ میں ترمیم کریں,Chỉnh sửa sự kiện,Hlela umcimbi,I-edit ang kaganapan,Editar evento,ღონისძიების რედაქტირება,ערוך אירוע,Izmeni događaj,ઇવેન્ટ સંપાદિત કરો,Hariri tukio
delete,,Delete,Löschen,Eliminar,Supprimer,Excluir,Elimina,Verwijderen,Usuń,Удалить,削除,删除,Excluir,Изтриване,Odstranit,Slet,Kustuta,Poista,Διαγραφή,Törlés,Dzēst,Ištrinti,Ștergeți,Vymazať,Izbriši,Radera,हटाएं,Verwyder,Fshij,ሰርዝ,حذف,Ջնջել,Siləcək,মুছে ফেলুন,Ezabatu,Выдаліць,ဖျက်ပစ်မည်,Esborrar,Izbriši,Eyða,Hapus,ಅಳಿಸಿ,Жою,លុប,삭제하기,Өчүрүү,ລົບອອກ,Избриши,Padam,ഇല്ലാതാക്കുക,Устгах,मेटाउनुहोस्,Slett,حذف کردن,ਮਿਟਾਓ,Stizzar,මකන්න,நீக்குக,తొలగించు,ลบ,Silmek,Видалити,حذف کریں,Xóa,Susa,Tanggalin,Eliminar,წაშლა,מחק,Obriši,કાઢી નાખો,Futa
Save,,Save,Speichern,Guardar,Enregistrer,Salvar,Salva,Opslaan,Zapisz,Сохранить,保存,保存,Salvar,Запази,Uložit,Gem,Salvesta,Tallenna,Αποθήκευση,Mentés,Saglabāt,Išsaugoti,Salvează,Uložiť,Shrani,Spara,सहेजें,Stoor,Ruaj,አስቀምጥ,حفظ,Պահպանել,Saxla,সংরক্ষণ করুন,Gorde,Захаваць,သိမ်းဆည်းပါ။,Desa,Spremi,Vista,Simpan,ಉಳಿಸಿ,Сақтау,រក្សាទុក,저장하기,Сактоо,ບັນທຶກ,Зачувај,Simpan,സംരക്ഷിക്കുക,Хадгалах,बचत गर्नुहोस्,Lagre,ذخیره کردن,ਸੰਭਾਲੋ,Salveir,සුරකින්න,சேமி்,సేవ్ చేయి,บันทึก,Kaydet,Зберегти,محفوظ کریں,Lưu,Gcina,I-save,Gardar,შეინახეთ,שמור,Sačuvaj,સાચવો,Hifadhi
event_title,,Title,Titel,Título,Titre,Título,Titolo,Titel,Tytuł,Название,タイトル,标题,Título,Заглавие,Název,Titel,Pealkiri,Otsikko,Τίτλος,Cím,Nosaukums,Pavadinimas,Titlu,Názov,Naslov,Titel,शीर्षक,Titel,Titulli,ርዕስ,عنوان,Վերնագիր,Başlıq,শিরোনাম,Izenburua,Назва,ခေါင်းစဥ်,Títol,Naslov,Titill,Judul,ಶೀರ್ಷಿಕೆ,Тақырып,ចំណងជើង,제목,Аталышы,ຫົວຂໍ້,Наслов,Tajuk,ശീർഷകം,Гарчиг,शीर्षक,Tittel,عنوان,ਸ਼ੀਰਸ਼ਕ,Titel,ශීර්ෂය,தலைப்பு,శీర్షికా,หัวข้อ,Başlık,Назва,عنوان,Tiêu đề,Isihloko,Pamagat,Título,სათაური,כותרת,Naslov,શીર્ષક,Kichwa cha Habari
event_description,,Descripition,Beschreibung,Descripción,Description,Descrição,Descrizione,Beschrijving,Opis,Описание,説明,描述,Descrição,Описание,Popis,Beskrivelse,Kirjeldus,Kuvaus,Περιγραφή,Leírás,Apraksts,Aprašymas,Descriere,Popis,Opis,Beskrivning,विवरण,Beskrywing,Përshkrimi,መግለጫ,الوصف,Նկարագրություն,Təsvir,বিবরণ,Deskribapena,Апісанне,ဖော်ပြချက်,Descripció,Opis,Lýsing,Deskripsi,ವಿವರಣೆ,Сипаттама,ការពិពណ៌នា,설명,Сүрөттөлүш,ລາຍລະອຽດ,Опис,Keterangan,വിവരണം,Тайлбар,विवरण,Beskrivelse,توضیحات,ਵੇਰਵਾ,Descripziun,විස්තරය,விளக்கம்,వివరణలు,คำอธิบาย,Açıklama,Опис,تفصیل,Mô tả,Incazelo,Paglalarawan,Descrición,აღწერა,תיאור,Opis,વર્ણન,Maelezo
all_day,,All-day,Ganztägig,Todo el día,Toute la journée,O dia inteiro,Tutto il giorno,Hele dag,Cały dzień,Весь день,終日,全天,O dia todo,Целодневен,Celodenní,Hele dagen,Kogu päev,Koko päivän ajan,Ολοήμερο,Egész napos,Visu dienu,Visą dieną,Toată ziua,Celodenné,Celodnevni,Heldag,पूरे दिन,Heeldag,Gjithë ditën,ቀኑ ቀኑን ቀይሕ አድምጡ,طوال اليوم,Ամբողջ օրը,Bütün gün,সারাদিন,Egun osoan,Увесь дзень,တနေကုန်,Tot el dia,Cijeli dan,Allan daginn,Sepanjang hari,ಮೂಲಕಂದಾಯ,Тәулік бойы,ពេញមួយថ្ងៃ,하루 종일,Күндүн баары,ທັງມື້,Цел ден,Sepanjang hari,മുഴുവൻ ദിനം,Бүтэн өдөр,पूरा दिन,Hele dagen,تمام روز,ਸਾਰਾ ਦਿਨ,Tut il di,සියලු දින:,நாள் முழுவதும்,మొత్తం రోజు,ตลอดวัน,Tüm gün,Весь день,پوری دن,Cả ngày,Usuku lonke,Buong araw,Todo o día,მთელდღიანი,כל היום,Ceo dan,સમગ્ર દિવસ,Siku nzima
event_begin,,Begin,Anfang,Comenzar,Commencer,Começar,Inizia,Start,Zacznij,Начало,開始,开始,Começar,Започни,Začátek,Start,Algus,Alkaa,Έναρξη,Kezdés,Sākt,Pradėti,Începeți,Začiatok,Začetek,Starta,शुरू करें,Begin,Fillo,ጀምር,ابدأ,Սկիզբ,Başlayın,শুরু করুন,Hasi,Пачатак,စတင်ပါ။,Començar,Početak,Byrja,Mulai,ಪ್ರಾರಂಭಿಸಿ,Бастау,ចាប់ផ្តើម,시작하다,Баштоо,ເລີ່ມຕົ້ນ,Почеток,Mulakan,തുടക്കം,Эхлэх,सुरु गर्नुहोस्,Start,شروع,ਸ਼ੁਰੂ ਕਰੋ,Cumenzar,ආරම්භය,தொடக்கம்,ప్రారంభం,เริ่มต้น,Başlangıç,Початок,شروع کریں,Bắt đầu,Qala,Simulan,Comezar,დაწყება,התחל,Početak,શરૂ કરો,Anza
event_end,,End,Ende,Fin,Fin,Fim,Fine,Einde,Koniec,Конец,終了,结束,Fim,Край,Konec,Slut,Lõpp,Loppu,Λήξη,Befejezés,Beigas,Pabaiga,Sfârșit,Koniec,Konec,Slut,समाप्त,Einde,Fundi,ጨርስ,نهاية,Ավարտ,Son,শেষ,Amaiera,Канец,အဆုံး,Fi,Kraj,Loki,Berakhir,ಅಂತ್ಯ,Аяқталу,បញ្ចប់,종료,Аяктоо,ສິ້ນສຸດ,Крај,Akhiri,അവസാനിക്കുന്നു,Төгсгөл,समाप्त,Slutt,پایان,ਅੰਤ,Finiziun,අවසන්,முடிவு,ముగింపు,สิ้นสุด,Bitiş,Кінець,ختم,Kết thúc,Phela,Wakas,Finalizar,დასრულება,סיום,Kraj,અંત,Mwisho
repeat_once,For repeat settings of a calendar add event app. Keep it short if possible,Does not repeat,Wiederholt sich nicht,No se repite,Ne se répète pas,Não se repete,Non si ripete,Wordt niet herhaald,Nie powtarza się,Не повторяется,繰り返しなし,不重复,Não se repete,Не се повтаря,Neopakovat,Gentages ikke,Ei kordu,Ei toistu,Δεν επαναλαμβάνεται,Nem ismétlődik,Nerepejas,Nekartoja,Nu se repetă,Neopakovať,Se ne ponovi,Upprepas inte,नहीं दोहराता,Herhaal nie,Nuk përsëritet,አይደጋግም,لا يتكرر,Չի կրկնվում,Təkrar etmir,পুনরাবৃত্তি নয়,Ez da errepikatzen,Не паўтараецца,မပြန်ဆုံးတော့,No es repeteix,Ne ponavlja se,Endurtekur ekki,Tidak berulang,ಪುನರಾವರ್ತನೆ ಇಲ್ಲ,Қайталауды қажет етпейді,មិនធ្វើម្តងទៀត,반복 안 함,Кайталанбайт,ບໍ່ມີການທຳຊ້ຳ,Не се повторува,Tidak berulang,പുനരാവൃത്തിയില്ല,Давтагдахгүй,दोहर्याउँदैन,Gjentar ikke,تکرار نمی‌شود,ਦੁਹਰਾਇਆ ਨਹੀਂ ਜਾਂਦਾ,Na repeta betg,නැවත නොකරනවා,மீண்டும் நடைபெறாது,పునరావృత్తం కాదు,ไม่ทำซ้ำ,Tekrar etmez,Не повторюється,بار بار نہیں ہوتا,Không lặp lại,Ayiqhubeki,Hindi inuulit,Non se repite,არ მეორდება,לא חוזר,Ne ponavlja se,પુનરાવર્તન કરતું નથી,Haiwezi kurudiwa
select_calendar,,Select calendar,Kalender auswählen,Seleccionar calendario,Sélectionner le calendrier,Selecione o calendário,Seleziona calendario,Selecteer kalender,Wybierz kalendarz,Выберите календарь,カレンダーを選択,选择日历,Selecionar calendário,Изберете календар,Vyberte kalendář,Vælg kalender,Vali kalender,Valitse kalenteri,Επιλέξτε ημερολόγιο,Naptár kiválasztása,Izvēlēties kalendāru,Pasirinkite kalendorių,Selectați calendarul,Vyberte kalendár,Izberi koledar,Välj kalender,कैलेंडर चुनें,Kies kalender,Zgjidh kalendarin,የዘመን መቁጠሪያ ምረጥ,اختر التقويم,Ընտրել օրացույցը,Təqvim seçin,ক্যালেন্ডার নির্বাচন করুন,Hautatu egutegia,Абярыце каляндар ShakhtarTRANS,ပြက္ခဒိန်ရွေးပါ။,Seleccioneu calendari,Odaberite kalendar,Veldu dagatal,Pilih kalender,ಕ್ಯಾಲೆಂಡರ್ ಆಯ್ಕೆ ಮಾಡಿ,Күнтізбені таңдау,ជ្រើសរើសប្រតិទិន,캘린더 선택,Күнтізбені тандаңыз,ເລືອກປະຕິທິນ,Избери календар,Pilih kalendar,കലണ്ടർ തിരഞ്ഞെടുക്കുക,Календарь сонгоно уу,क्यालेन्डर चयन गर्नुहोस्,Velg kalender,انتخاب تقویم,ਕੈਲੰਡਰ ਚੁਣੋ,Tscherner il chalender,දින දර්ශනය තෝරන්න,நாட்காட்டியை தேர்வுசெய்,క్యాలెండర్‌ను ఎంచుకోండి,เลือกปฏิทิน,Takvim seç,Оберіть календар,کیلنڈر منتخب کریں,Chọn lịch,Khetha ikhalenda,Piliin ang kalendaryo,Seleccionar calendario,კალენდარის არჩევა,בחר לוח שנה,Izaberi kalendar,કેલેન્ડર પસંદ કરો,Chagua kalenda
event_color,,Event color,Terminfarbe,Color del evento,Couleur de l'événement,Cor do evento,Colore dell'evento,Evenementkleur,Kolor wydarzenia,Цвет события,イベントの色,活动颜色,Cor do evento,Цвят на събитието,Barva události,Begivenhedsfarve,Sündmuse värv,Tapahtuman väri,Χρώμα γεγονότος,Eseményszín,Pasākuma krāsa,Renginio spalva,Culoarea evenimentului,Farba udalosti,Barva dogodka,Händelsefärg,कार्यक्रम का रंग,Gebeurteniskleur,Ngjyra e ngjarjes,የክስተት ቀለም,لون الحدث,Միջոցառման գույնը,Tədbirin rəngi,ইভেন্টের রঙ,Gertaeraren kolorea,Колер падзеі,အခမ်းအနားရောင်စုံ,Color de l'esdeveniment,Boja događaja,Viðburðar litur,Warna acara,ಈವೆಂಟ್ ಬಣ್ಣ,Оқиға түсі,ពណ៌ព្រឹត្តិការណ៍,이벤트 색상,Окуянын түсү,ສີກິດຈະການ,Боја на настанот,Warna acara,ഇവന്റിന്റെ നിറം,Үйл явдлын өнгө,कार्यक्रमको रंग,Hendelsesfarge,رنگ رویداد,ਇਵੈਂਟ ਦਾ ਰੰਗ,Colur d'eveniment,සිදුවීමේ වර්ණය,நிகழ்வின் நிறம்,ఘటన రంగు,สีของกิจกรรม,Etkinlik rengi,Колір події,واقعہ کا رنگ,Màu sự kiện,Umbala womcimbi,Kulay ng kaganapan,Cor do evento,ივენთის ფერი,צבע האירוע,Boja događaja,ઇવેન્ટનો રંગ,Rangi ya tukio
not_set,,Not set,Nicht festgelegt,No establecido,Non défini,Não definido,Non impostato,Niet ingesteld,Nie ustawiono,Не установлено,設定されていません,未设置,Não definido,Не е зададено,Nenastaveno,Ikke indstillet,Pole määratud,Ei asetettu,Δεν έχει οριστεί,Nincs beállítva,Nav iestatīts,Nenustatyta,Nesetat,Nenastavené,Ni nastavljeno,Inte satt,निर्धारित नहीं है,Nie gestel nie,Nuk është caktuar,አልተወሰነም,غير محدد,Սահմանված չէ,Təyin olunmayıb,সেট করা হয়নি,Ez da ezarri,Не вызначана,မသတ်မှတ်ရသေးပါ။,No establert,Nije postavljeno,Ekki stillt,Belum diatur,ಹೊಂದಿಸಲಾಗಿಲ್ಲ,Орнатылмаған,មិនបានកំណត់,설정되지 않음,Орнотулган эмес,ບໍ່ໄດ້ຕັ້ງຄ່າ,Не е поставено,Tidak ditetapkan,സജ്ജമാക്കിയിട്ടില്ല.,Тохиргоо хийгдээгүй,सेट गरिएको छैन,Ikke satt,تنظیم نشده,ਸੈੱਟ ਨਹੀਂ ਕੀਤਾ ਗਿਆ,Betg definì,පිහිටවී නැත,அமைக்கப்படவில்லை,సెట్ చేయబడలేదు,ไม่ได้ตั้งค่า,Ayarlanmadı,Не встановлено,غیر مقرر,Chưa được thiết lập,Ayilungisiwe,Hindi itinakda,Non establecido,დაუყენებელი,לא מוגדר,Nije postavljeno,સેટ નથી,Haijawekwa
remove_reminder,,Remove reminder,Erinnerung löschen,Eliminar recordatorio,Supprimer le rappel,Remover lembrete,Rimuovi promemoria,Herinnering verwijderen,Usuń przypomnienie,Удалить напоминание,リマインダーを削除,删除提醒,Remover lembrete,Премахнете напомняне,Odstranit připomínku,Fjern påmindelse,Eemalda meeldetuletus,Poista muistutus,Κατάργηση υπενθύμισης,Emlékeztető törlése,Noņemt atgādinājumu,Šalinti priminimą,Șterge memento,Odstrániť pripomienku,Odstrani opomnik,Ta bort påminnelse,अनुस्मारक हटाएं,Verwyder herinnering,Hiq kujtesën,አስታዋሽ አስወግድ,إزالة التذكير,Հեռացնել հիշեցումը,Xatırlatmanı sil,অনুস্মারক মুছে ফেলুন,Gogorarazlea ezabatu,Выдаліць нагадванне,သတိပေးချက် ဖယ်ရှားပါ။,Eliminar recordatori,Ukloni podsjetnik,Fjarlægja áminningu,Hapus pengingat,ಸ್ಮರಣೆಯನ್ನು ತೆಗೆದುಹಾಕಿ,Ескертуді жою,លុបការរំលឹក,리마인더 삭제,Эскертүүнү жокко чыгару,ລຶບການເຕືອນການ,Отстрани потсетник,Alih keluar peringatan,ഓർമ്മപ്പെടുത്തൽ നീക്കം ചെയ്യുക,Сануулгыг устгах,स्मरणको हटाउनुहोस्,Fjern påminnelse,حذف یادآوری,ਰਿਮਾਇੰਡਰ ਹਟਾਓ,Allontanar regurdientscha,සිහිකැඳවුම ඉවත් කරන්න,நினைவூட்டலை நீக்கு,రిమైండర్‌ను తొలగించండి,ลบการแจ้งเตือน,Hatırlatıcıyı kaldır,Видалити нагадування,یاد دہانی کو ختم کریں,Xóa lời nhắc,Susa isikhumbuzi,Alisin ang paalala,Eliminar recordatorio,შეახსენების წაშლა,הסר תזכורת,Ukloni podsetnik,રીમાઇન્ડર દૂર કરો,Ondoa kikumbusho
add_reminder,,Add reminder,Erinnerung hinzufügen,Agregar recordatorio,Ajouter un rappel,Adicionar lembrete,Aggiungi promemoria,Herinnering toevoegen,Dodaj przypomnienie,Добавить напоминание,リマインダーを追加,添加提醒,Adicionar lembrete,Добавяне на напомняне,Přidat připomínku,Tilføj påmindelse,Lisa meeldetuletus,Lisää muistutus,Προσθήκη υπενθύμισης,Emlékeztető hozzáadása,Pievienot atgādinājumu,Pridėti priminimą,Adaugă memento,Pridať pripomienku,Dodaj opomnik,Lägg till påminnelse,अनुस्मारक जोड़ें,Voeg herinnering by,Shto kujtesë,አሳሳቢ ጨምር,إضافة تذكير,Հիշեցում ավելացնել,Xatırlatma əlavə et,অনুস্মারক যোগ করুন,Gogorarazi gehitu,Дадаць нагадванне,သတိပေးချက်ထည့်ပါ။,Afegir recordatori,Dodaj podsjetnik,Bæta við áminningu,Tambah pengingat,ರಿಮೈಂಡರ್ ಸೇರಿಸಿ,Еске салу қосу,បន្ថែមការរំឭកចាំ,리마인더 추가,Эскертме кошуу,ເພີ່ມການເຕືອນຕົວຕົນ,Додадете потсетник,Tambah peringatan,ഓർമ്മിപ്പിക്കൽ ചേർക്കുക,Сануулга нэмэх,स्मरण थप्नुहोस्,Legg til påminnelse,افزودن یادآوری,ਯਾਦ ਦਿਵਾਓ ਜੋੜੋ,Agiuntar in regurdin,මතක් කිරීමක් එක් කරන්න,நினைவூட்டலை சேர்,రిమైండర్ జోడించు,เพิ่มการแจ้งเตือน,Hatırlatıcı ekle,Додати нагадування,یاد دہانی شامل کریں,Thêm nhắc nhở,Faka isikhumbuzi,Magdagdag ng paalala,Engadir recordatorio,დაამატეთ შეხსენება,הוסף תזכורת,Dodaj podsetnik,રીમાઇન્ડર ઉમેરો,Ongeza kikumbusho
event_location,,Location,Ort,Ubicación,Emplacement,Localização,Posizione,Locatie,Lokalizacja,Местоположение,場所,位置,Localização,Местоположение,Poloha,Sted,Asukoht,Sijainti,Τοποθεσία,Helyszín,Atrašanās vieta,Vieta,Locație,Miesto konania,Lokacija,Plats,स्थान,Ligging,Vendndodhja,አካባቢ,موقع,Տեղանք,Yer,অবস্থান,Kokapena,Месцазнаходжанне,တည်နေရာ,Ubicació,Lokacija,Staðsetning,Lokasi,ಸ್ಥಳ,Орын,ទីតាំង,위치,Жайгашкан жери,ສະຖານທີ່,Локација,Lokasi,സ്ഥലം,Байршил,स्थान,Sted,مکان,ਸਥਾਨ,Lieu,ස්ථානය,இடம்,స్థానం,สถานที่ตั้ง,Konum,Місцезнаходження,مقام,Địa điểm,Indawo,Lokasyon,Ubicación,მდებარეობა,מיקום,Lokacija,સ્થાન,Mahali
event_website,,Website,Webseite,Sitio web,Site web,Site,Sito web,Website,Strona internetowa,Веб-сайт,ウェブサイト,网站,Site,Уебсайт,Webová stránka,Hjemmeside,Veebisait,Verkkosivusto,Ιστότοπος,Weboldal,Vietne,Svetainė,Site web,Webová stránka,Spletna stran,Webbplats,वेबसाइट,Webwerf,Faqja e internetit,ድር ጣቢያ,موقع الكتروني,Վեբկայք,Veb sayt,ওয়েবসাইট,Webgunea,Сайт,ဝက်ဘ်ဆိုက်,Lloc web,Web-mjesto,Vefsíða,Situs Web,ವೆಬ್‌ಸೈಟ್,Веб-сайт,វេបសាយ,웹사이트,Вебсайт,ເວັບໄຊທ໌,Веб-страница,Laman web,വെബ്സൈറ്റ്,Вэбсайт,वेबसाइट,Nettsted,وب‌سایت,ਵੈੱਬਸਾਈਟ,Pagina d'internet,වෙබ් අඩවිය,இணையதளம்,వెబ్‌సైట్‌,เว็บไซต์,Web sitesi,Вебсайт,ویب سائٹ,Trang web,Iwebhusayithi,Website,Sitio web,ვებსაიტი,אתר אינטרנט,Vebsajt,વેબસાઈટ,Tovuti
set_status,,Set status,Status festlegen,Establecer estado,Définir le statut,Definir status,Imposta stato,Status instellen,Ustaw status,Установить статус,ステータスを設定する,设置状态,Definir status,Задайте статус,Nastavit stav,Angiv status,Määra staatus,Aseta tila,Ορισμός κατάστασης,Állapot beállítása,Iestatīt statusu,Nustatyti būseną,Stabilește statusul,Nastaviť stav,Nastavi status,Ange status,स्थिति सेट करें,Stel status in,Vendos statusin,ሁኔታ ይዘጋጁ,تعيين الحالة,Սահմանել վիճակը,Statusu təyin et,অবস্থা নির্ধারণ করুন,Ezarri egoera,Усталяваць статус,အခြေအနေသတ်မှတ်ပါ။,Estableix l'estat,Postavi status,Stilltu stöðu,Tetapkan status,ಸ್ಥಿತಿ ಹೊಂದಿಸಿ,Статус орнату,កំណត់ស្ថានភាព,상태 설정,Статус орнотуу,ຕັ້ງສະຖານະ,Постави статус,Tetapkan status,സ്ഥിതി സജ്ജമാക്കുക,Төлөв тохируулах,स्थिति सेट गर्नुहोस्,Angi status,تنظیم وضعیت,ਸਥਿਤੀ ਸੈੱਟ ਕਰੋ,Definir status,තත්වය සකසන්න,நிலையை அமைக்கவும்,స్థితి సెట్ చేయండి,ตั้งค่าสถานะ,Durumu ayarla,Встановити статус,حیثیت مقرر کریں,Đặt trạng thái,Beka isimo,Itakda ang katayuan,Establecer estado,სტატუსის შეყვანა,קבע סטטוס,Postavi status,સ્થિતિ સેટ કરો,Weka hali
add_attendee,,Add attendee,Teilnehmer hinzufügen,Agregar participante,Ajouter un participant,Adicionar participante,Aggiungi partecipante,Voeg deelnemer toe,Dodaj uczestnika,Добавить участника,参加者を追加,添加与会者,Adicionar participante,Добави участник,Přidat účastníka,Tilføj deltager,Lisa osaleja,Lisää osallistuja,Προσθήκη συμμετέχοντα,Résztvevő hozzáadása,Pievienot dalībnieku,Pridėti dalyvį,Adaugă participant,Pridať účastníka,Dodaj udeleženca,Lägg till deltagare,प्रतिभागी जोड़ें,Voeg deelnemer by,Shto pjesëmarrës,ተጠቃሚ ጨምር,إضافة مشارك,Ավելացնել մասնակից,İştirakçı əlavə et,অংশগ্রহণকারী যোগ করুন,Gonbidatu gehitu,Дадаць удзельніка,တက်ရောက်သူ ထည့်သွင်းပါ။,Afegir assistent,Dodaj sudionika,Bæta við þátttakanda,Tambahkan peserta,ಭಾಗವಹಿಸುವವರನ್ನು ಸೇರಿಸಿ,Қатысушы қосу,បន្ថែមអ្នកចូលរួម,참석자 추가,Катышуучу кошуу,ເພີ່ມຜູ້ເຂົ້າຮ່ວມ,Додади учесник,Tambah peserta,ഉപস্থিত വിനോദിസ്ഥാനം ചേർക്കുക,Оролцогч нэмэх,अटेन्डी थप्नुहोस्,Legg til deltaker,افزودن شرکت‌کننده,ਸ਼ਾਮਲ ਕਰੋ ਭਾਗ ਲੈਣ ਵਾਲਾ,Agiuntar participant,ක්‍රියාකරුවෙකු එක් කරන්න,பங்கேற்பாளரை சேர்,ఆహ్వానితను చేర్చండి,เพิ่มผู้เข้าร่วม,Katılımcı ekle,Додати учасника,شریک شامل کریں,Thêm người tham dự,Faka umhlanganyeli,Magdagdag ng dumalo,Engadir participante,დამსწრეს დამატება,הוסף משתתף,Dodaj učesnika,પ્રતિભાગી ઉમેરો,Ongeza mshiriki
custom,,Custom,Benutzerdefiniert,Personalizado,Personnalisé,Personalizado,Personalizzato,Aangepast,Niestandardowy,Пользовательский,カスタム,自定义,Personalizado,Персонализирано,Vlastní,Brugerdefineret,Kohandatud,Mukautettu,Προσαρμοσμένο,Egyéni,Pielāgots,Pasirinktinis,Personalizat,Vlastný,Po meri,Egna,अनुकूलित,Pasgemaak,Personalizuar,ብቸኛ,مخصص,Պատվերով,Fərdi,কাস্টম,Pertsonalizatua,Карыстацкі,စိတ်ကြိုက်,Personalitzat,Prilagođeno,Sérsniðið,Kustom,ವೈಯಕ್ತಿಕೃತ,Өзгертілген,ផ្ទាល់ខ្លួន,맞춤 설정,Ыңгайлаштырылган,ກຳ​ນົດ​ເອງ,По мерка,Tersuai,ഇഷ്‌ടാനുസൃതം,Өөрчлөн тохируулах,अनुकूलन गरिएको,Tilpasset,سفارشی,ਕਸਟਮ ਨੂੰ,Persunalisà,සාදන ලද,தனிப்பயன்,అనుకూలంగా,กำหนดเอง,Özel,Спеціальний,اپنی مرضی کے مطابق,Tùy chỉnh,Ngokwezifiso,Pasadya,Personalizado,საკუთარი,מותאם אישית,Prilagođeno,કસ્ટમ,Maalum
s_before,,%s before,%s vorher,%s antes,%s avant,%s antes,%s prima,%s voor,%s przed,%s перед,%s年以前,%s之前,%s antes,%s преди,%s před,%s før,%sist enne,"""%sia"" ennen",%s πριν,%s előtt,%s pirms,„%s“ prieš,%s înainte de,%s pred,%s pred,%s innan,%s से पहले,%s voor,"""Para %s-it""",%s በፊት,قبل %s,%s առաջ,%sdan əvvəl,%s এর আগে,%s aurretik,%s да,%s မတိုင်ခင်,%s abans,%s prije,%s fyrir,"""Sebelum %s""",%s ಮುಂಚೆ,%s алдында,%s មុន,%s년 전에,%s алдында,%s ກ່ອນ,%s пред,%s sebelum,%sയ്ക്ക് മുമ്പ്,%s-ы өмнө,%s अघि,%s før,%sقبل از,%s ਤੋਂ ਪਹਿਲਾਂ,%s avant,%s පෙර,%sக்கு முன்,%s ముందు,%s ก่อน,%sden önce,До %s року,%s سے پہلے,%s trước,%s ngaphambi,%s bago,%s antes de,%s მანამდე,%s לפני,%s pre,%s પહેલાં,Kabla ya %s
every,,Every,Alle,Cada,Chaque,Todos os,Ogni,Elk,Każdy,Каждый,すべての,每个,Cada,Всеки,Každý,Hver,Iga,Joka,Κάθε,Minden,Katru,Kiekvieną,Fiecare,Každý,Vsak,Varje,हर,Elke,Çdo,ሁሉም,كل,Բոլոր,Hər,প্রতিটি,Bakoitzeko,Кожны,တိုင်းပြည့်,Cada,Svaki,Hver,Setiap,ಪ್ರತಿ,Әрбір,រៀងរាល់,모든,Ар бир,ທຸກໆ,Секој,Setiap,ഓരോ,Бүгд,प्रत्येक,Hver,هر,ਹਰ ਇੱਕ,Mintga,සෑම,ஒவ்வொரு,ప్రతి,ทุกๆ,Her,Кожен,ہر,Mỗi,Wonke,Bawat,Cada,ყველა,כל,Svaki,દરેક,Kila
day,,day,Tag,día,jour,dia,giorno,dag,dzień,день,日,天,dia,ден,den,dag,päev,päivä,ημέρα,nap,diena,diena,zi,deň,dan,dag,दिन,dag,ditë,ቀን,يوم,օր,gün,দিন,eguna,дзень,နေ့,dia,dan,dagur,hari,ದಿನ,күн,ថ្ងៃ,일,күн,ມື້,ден,hari,ദിവസം,өдөр,दिन,dag,روز,ਦਿਨ,diRETURN_POLICY,දිනය,நாள்,రోజు,วัน,gün,день,دن,ngày,usuku,araw,día,დღე,יום,dan,દિવસ,siku
days,,days,Tage,días,jours,dias,giorni,dagen,dni,дни,日数,天数,dias,дни,dny,dage,päevad,päivät,ημέρες,napok,dienas,dienos,zile,dni,dnevi,dagar,दिनों,dae,ditë,ቀናት,أيام,օրեր,günlər,দিনগুলি,egunak,дні,ရက်များ,dies,dani,dagar,hari-hari,ದಿನಗಳು,күндер,ថ្ងៃទាំងអស់,일들,күндөр,ມື້,денови,hari-hari,ദിവസങ്ങൾ,өдрүүд,दिनहरू,dager,روزها,ਦਿਨ,dis gün,දිනයන්,நாட்கள்,రోజులు,วัน,günler,дні,دن,ngày,izinsuku,araw,días,დღეები,ימים,dani,દિવસો,siku
week,,week,Woche,semana,semaine,semana,settimana,week,tydzień,неделя,週,周,semana,седмица,týden,uge,nädal,viikko,εβδομάδα,hét,nedēļa,savaitė,săptămână,týždeň,teden,vecka,सप्ताह,week,javë,ሳምንት,أسبوع,շաբաթ,həftə,সপ্তাহ,astea,тыдзень,အပတ်,setmana,tjedan,vika,minggu,ವಾರ,апта,សប្ដាហ៍,주,жума,ອາທິດ,недела,minggu,ആഴ്ച,долоо хоног,हप्ता,uke,هفته,ਹਫ਼ਤਾ,emna,සතිය,வாரம்,వారం,สัปดาห์,hafta,тиждень,ہفتہ,tuần,iviki,linggo,semana,კვირა,שבוע,nedelja,અઠવાડિયું,wiki
weeks,,weeks,Wochen,semanas,semaines,semanas,settimane,weken,tygodnie,недели,週間,周,semanas,седмици,týdny,uger,nädalad,viikot,εβδομάδες,hetek,nedēļas,savaitės,săptămâni,týždne,tedni,veckor,सप्ताह,weke,javë,ሳምንታት,أسابيع,շաբաթներ,həftələr,সপ্তাহগুলি,asteak,тыдні,ပတ်များ,setmanes,tjedni,vikur,minggu,ವಾರಗಳು,апталар,សប្តាហ៍ា្រ,주,жумалар,ອາທິດ,недели,minggu,ആഴ്ചകൾ,долоо хоног​​,हप्ताहरू,uker,هفته‌ها,ਹਫ਼ਤੇ,emnas,සතියන්,வாரங்கள்,వారాలు,สัปดาห์,haftalar,тижні,ہفتے,tuần,amaviki,linggo,semanas,კვირები,שבועות,nedelje,અઠવાડિયાઓ,wiki
month,,month,Monat,mes,mois,mês,mese,maand,miesiąc,месяц,月 월,月份,mês,месец,měsíc,måned,kuu,kuukausi,μήνας,hónap,mēnesis,mėnuo,lună,mesiac,mesec,månad,महीना,maand,muaj,ወር HKMA00,شهر,ամիս,ay,মাস,hilabete,месяц,လ,mes,mjesec,mánuður,bulan,ತಿಂಗಳು,ай,ខែ,월,айым,ເດືອນ,месец,bulan,മാസം,сар,महिना,måned,ماه,ਮਹੀਨਾ,mais,මාසය,மாதம்,నెల్,เดือน,ay,місяць,مہینہ,tháng,inyanga,buwan,mes,თვე,חודש,mesec,મહિનો,mwezi
months,,months,Monate,meses,mois,meses,mesi,maanden,miesiące,месяцы,月々,月份,meses,месеци,měsíce,måneder,kuud,kuukaudet,μήνες,hónapok,mēneši,mėnesiai,luni,mesiace,meseci,månader,महीने,maande,muajve,ወራት,شهور,ամիսներ,aylar,মাসg,hilabeteak,месяцы,လများ,mesos,mjeseci,mánuðir,bulan-bulan,ತಿಂಗಳುಗಳು,айлар,ខែ្ម,개월,айлар,ເດືອນ,месеци,bulan-bulan,മാസങ്ങൾ,сарууд,महिनाहरू,måneder,ماه‌ها,ਮਹੀਨੇ,mais,මාසයන්,மாதங்கள்,నెలలు,เดือน,aylar,місяці,مہینے,tháng,izinyanga,buwan,meses,თვეები,חודשים,meseci,મહિનાઓ,miezi
year,,year,Jahr,año,année,ano,anno,jaar,rok,год,年,年,ano,година,rok,år,aasta,vuosi,έτος,év,gads,metai,an,rok,leto,år,वर्ष,jaar,vit,ዓመት,سنة,տարի,il,বছর,urte,год,နှစ်,any,godina,ár,tahun,ವರ್ಷ,жыл,ឆ្នាំ,년도,жыл,ປີ,година,tahun,വർഷം,жил,वर्ष,år,سال,ਸਾਲ,onn,වර්ෂය,வருடம்,సంవత్సరం,ปี,yıl,рік,سال,năm,unyaka,taon,ano,წელი,שנה,godina,વર્ષ,mwaka
years,,years,Jahre,años,ans,anos,anni,jaren,lata,годы,年間,年份,anos,години,roky,år,aastad,vuodet,χρόνια,évek,gadi,metai,ani,roky,leta,år,वर्षों,jare,vite,ዓመታት,سنوات,տարիներ,illər,বছরের,urteak,гады,နှစ်များ,anys,godine,ár,tahun-tahun,ವರ್ಷಗಳು,жылдар,ឆ្នាំ្នាំ,년도들,жылдар,ປີ,години,tahun-tahun,വർഷങ്ങൾ,жилүүд,वर्षहरू,år,سال‌ها,ਸਾਲ,onnс,වසරයි,ஆண்டுகள்,సంవత్సరాలు,ปี,yıllar,роки,سال برس,năm,iminyaka,taon,anos,წლები,שנים,godine,વર્ષો,miaka
on_day_s,Monday,On day %s,Am Tag %s,El día %s,Le jour %s,No dia %s,Il giorno %s,Op dag %s,W dniu %s,В день %s,曜日 %s,在 %s 当天,No dia %s,В ден %s,V den %s,På dagen %s,Päeval %s,Päivänä %s,Την ημέρα %s,A(z) %s napon,Šajā dienā %s,Dieną %s,În ziua %s,V deň %s,Na dan %s,På dagen %s,दिन %s को,Op dag %s,Ditën e %s,በቀን %s,في يوم %s,Օր %s,Bazar ertəsi günü %s,দিন %s,%s egunean,У дзень %s,နေ့ %s သောနေ့တွင်,El dia %s,Na dan %s,Á degi %s,Pada hari %s,ದಿನ %s,%s күні,នៅថ្ងៃ %s,%s에,Дүйшөмбү күнү %s,ໃນວັນ %s,На ден %s,Pada hari %s,ദിവസം %s,%s гарагт,दिँन %s,På dagen %s,در روز %s,ਦਿਨ %s ਨੂੰ,Il di %s,%s දිනේ,அன்று %s,రోజు %s,ในวัน %s,%s,В день %s,دن %s کو,Vào ngày %s,Ngosuku %s,Sa araw na %s,O día %s,დღეს %s,ביום %s,U danu %s,દિવસે %s,Siku ya %s
1_week,,1st week,1. Woche,Primera semana,1ère semaine,1ª semana,1ª settimana,1ste week,1. tydzień,1-я неделя,1週目,第一周,1ª semana,Първа седмица,1. týden,1. uge,1. nädal,1. viikko,1η εβδομάδα,első hét,1. nedēļa,1 savaitė,prima săptămână,1. týždeň,1. teden,1:a veckan,पहला सप्ताह,1ste week,Java e parë,አንደኛ ሳምንት,الأسبوع الأول,առաջին շաբաթ,1-ci həftə,প্রথম সপ্তাহ,1. astea,1-ы тыдзень,ပထမအပတ်,1a setmana,Prvi tjedan,1. vika,Minggu pertama,ಮೊದಲ ವಾರ,1-ші апта,សប្ដាហ៍ទី១,첫째 주,Биринчи апта,ອາທິດທຳອິດ,Прва недела,Minggu pertama,ആദ്യ ആഴ്ച,1-р долоо хоног,पहिलो हप्ता,1. uke,هفته اول,ਪਹਿਲਾ ਹਫ਼ਤਾ,Emprima emna,පළමු සතිය,முதல் வாரம்,మొదటి వారం,สัปดาห์ที่ 1,1. hafta,1-й тиждень,پہلا ہفتہ,Tuần thứ nhất,Isonto lokuqala,unang linggo,1ª semana,პირველი კვირა,שבוע ראשון,Prva nedelja,પ્રથમ સપ્તાહ,Wiki ya kwanza
2_week,,2nd week,2. Woche,Segunda semana,2e semaine,2ª semana,seconda settimana,2de week,2. tydzień,2-я неделя,2週目,第二周,2ª semana,втора седмица,2. týden,2. uge,2. nädal,2. viikko,2η εβδομάδα,2. hét,2. nedēļa,2 savaitė,a doua săptămână,2. týždeň,2. teden,andra veckan,दूसरा सप्ताह,2de week,java e dytë,ሁለተኛ ሳምንት,الأسبوع الثاني,2րդ շաբաթ,2-ci həftə,2য় সপ্তাহ,2. astea,2 тыдзень,ဒုတိယ အပတ်,2a setmana,drugi tjedan,2. vika,Minggu kedua,ಎರಡನೇ ವಾರ,2-ші апта,សប្ដាហ៍ទី២,2주차,2-жума,ອາທິດທີ່ 2,втора недела,Minggu kedua,രണ്ടാം ആഴ്ച,2-р долоо хоног,दोस्रो हप्ता,2. uke,هفته دوم,ਦੂਜਾ ਹਫ਼ਤਾ,2. emna,2 වන සතිය,2வது வாரம்,రెండవ వారం,สัปดาห์ที่ 2,2. hafta,2-й тиждень,دوسرا ہفتہ,Tuần thứ hai,Isonto lesibili,Ikalawang linggo,2ª semana,მეორე კვირა,שבוע שני,Druga nedelja,બીજા અઠવાડિયે,Wiki ya pili
3_week,,3th week,3. Woche,3.ª semana,3e semaine,3ª semana,3a settimana,3e week,3. tydzień,3-я неделя,3週目,第三周,3ª semana,Трета седмица,3. týden,3. uge,3. nädal,3. viikko,3η εβδομάδα,3. hét,3. nedēļa,3 savaitė,a treia săptămână,3. týždeň,3. teden,3:e veckan,तीसरा सप्ताह,3de week,Java e 3-të,ሶስተኛ ሳምንት,الأسبوع الثالث,3րդ շաբաթ,3-cü həftə,৩য় সপ্তাহ,3. astea,Трэці тыдзень,တတိယအပတ်,3a setmana,3. tjedan,3. vika,Minggu ke-3,ಮೂರನೇ ವಾರ,3-ші апта,សប្ដាហ៍ទី៣,3주째,3-жума,ອາທິດທີ 3,3-та недела,Minggu ke-3,3-ആം ആഴ്ച,3 долоо хоног,तेस्रो हप्ता,3. uke,هفته سوم,ਤੀਜਾ ਹਫਤਾ,3. emna,3 වන සතිය,3வது வாரம்,మూడవ వారం,สัปดาห์ที่ 3,3. hafta,3-й тиждень,تیسرا ہفتہ,tuần thứ 3,Isonto lesithathu,Ikatlong linggo,3ª semana,მესამე კვირა,שבוע שלישי,3. nedelja,ત્રીજા અઠવાડિયું,Wiki ya 3
4_week,,4th week,4. Woche,cuarta semana,4ème semaine,4ª semana,4ª settimana,4e week,4. tydzień,4-я неделя,第4週,第四周,4ª semana,четвърта седмица,4. týden,4. uge,4. nädal,4. viikko,4η εβδομάδα,4. hét,4. nedēļa,4 savaitė,a patra săptămână,4. týždeň,4. teden,4:e veckan,चौथा सप्ताह,4de week,Java e katërt,አራተኛ ሳምንት,الأسبوع الرابع,4-րդ շաբաթ,4-cü həftə,৪র্থ সপ্তাহ,4. astea,4-ы тыдзень,ပဥ္စမ အပတ်,4a setmana,4. tjedan,4. vika,Minggu ke-4,ನಾಲ್ಕನೇ ವಾರ,4-ші апта,សប្តាហ៍ទី៤,4주차,4-жума,ອາທິດທີ 4,четврта недела,Minggu ke-4,നാലാം ആഴ്ച,4 дэх долоо хоног,चौथो हप्ता,4. uke,هفته چهارم,ਚੌਥਾ ਹਫ਼ਤਾ,4. emna,4 වන සතිය,4வது வாரம்,4వ వారం,สัปดาห์ที่ 4,4. hafta,4-й тиждень,چوتھا ہفتہ,Tuần thứ tư,Iviki lesine,ika-4 na linggo,4ª semana,მეოთხე კვირა,שבוע רביעי,4. nedelja,ચોથું અઠવાડિયું,Wiki ya nne
5_week,,Last week,Letzte Woche,La semana pasada,La semaine dernière,Semana passada,La settimana scorsa,Vorige week,W zeszłym tygodniu,На прошлой неделе,先週,上周,Semana passada,Миналата седмица,Minulý týden,Sidste uge,Eelmine nädal,Viime viikko,Προηγούμενη εβδομάδα,Múlt héten,Pagājušajā nedēļā,Praėjusią savaitę,Săptămâna trecută,Minulý týždeň,Prejšnji teden,Förra veckan,पिछले सप्ताह,Verlede week,Java e kaluar,ባለፈው ሳምንት,الأسبوع الماضي,Անցած շաբաթ,Keçən həftə,গত সপ্তাহে,Aurreko astean,Мінулы тыдзень,ပြီးခဲ့သော အပတ်,La setmana passada,Prošli tjedan,Í síðustu viku,Minggu lalu,ಕಳೆದ ವಾರ,Өткен апта,សប្តាហ៍មុន,지난 주,Өткөн апта,ອາທິດກ່ອນຫຼ້າສຸດ,Минатата недела,Minggu lepas,കഴിഞ്ഞ ആഴ്ച,Өнгөрсөн долоо хоног,गत हप्ता,Forrige uke,هفته گذشته,ਪਿਛਲੇ ਹਫ਼ਤੇ,Emna passada,පසුගිය සතියේ,கடந்த வாரம்,గత వారం,สัปดาห์ที่แล้ว,Geçen hafta,Минулого тижня,گزشتہ ہفتہ,Tuần trước,Iviki eledlule,Nakaraang linggo,A semana pasada,გასული კვირა,השבוע שעבר,Prošle nedelje,ગયા અઠવાડિયે,Wiki iliyopita
for_s,,for %s,für %s,para %s,pour %s,para %s,per %s,voor %s,na %s,на %s,「%s」のために,对于%s,%s,за %s,pro %s,til %s,%siks,%s,για το %s,%s,priekš %s,dėl %s,"pentru ""%s”",na %s,za %s,för %s,%s के लिए,vir %s,për %s,ለ%s,لـ %s,%s-ի համար,%s üçün,%s জন্য,%sentzat,на %s,%s အတွက်,per %s,za %s,fyrir %s,untuk %s,%sಕ್ಕಾಗಿದ್ದು,%s мерекесіне,សម្រាប់ %s,%s 의 경우,үчүн %s,ສຳຫຼັບ %s,за %s,untuk %s,%s എന്ന്,%s-д зориулсан,%s को लागी,for %s,برای %s,ਲਈ %s,per %s,%s සඳහා,%s க்காக,%s కోసం,สำหรับ %s,%s için,на %s,%s کیلئے,cho %s,u%s,para sa %s,para %s,%s დღის მისასალმებელი,עבור %s,za %s,%s માટે,kwa %s
in_s,,in %s,in %s,en %s,en %s,em %s,in %s,op %s,w %s,в %s,%sで,"在 ""%s 年""",em %s,в %s,na %s,i %s,"""%sis""","""%sissa""",στο %s,%s napján,%s laikā,%s metu,în %s,na %s,v %s,i %s,में %s,in %s,në %s,በ%s,في %s,%s ժամանակ,%s günündə,%s এ,%sean,у %s,%s တွင်,en %s,u %s,í %s,pada %s,%sನಲ್ಲಿ,%s күнінде,នៅ %s,%s에서,%s дегенде,ໃນ %s,во %s,pada %s,%s ൽ,%s дэх,%sमा,i %s,در %s,ਵਿੱਚ %s,en %s,"""'%s' හි""",%s இல்,%sలో,ใน %s,%s'de,на %s,میں %s,trong %s,ku %s,sa %s,en %s,%s-ში,ב%s,u %s,%s માં,katika %s
for_n_events,,for %d events,für %d Termine,para %d eventos,pour %d événements,para %d eventos,per %d eventi,voor %d evenementen,dla %d wydarzeń,для %d событий,%d件のイベントのために,%d个活动,para %d eventos,за %d събития,pro %d událostí,for %d begivenheder,%d sündmuse jaoks,%d tapahtumalle,για %d εκδηλώσεις,%d eseményre,par %d pasākumiem,%d renginiams,pentru %d de evenimente,pre %d udalostí,za %d dogodkov,för %d evenemang,%d घटनाओं के लिए,vir %d gebeurtenisse,për %d ngjarje,ለ %d ክስተቶች,لـ %d حدثًا,%d միջոցառումների համար,%d tədbir üçün,%dটি ইভেন্টের জন্য,%d gertaeretarako,для %d падзей,%d ပွဲများအတွက်,per a %d esdeveniments,za %d događaja,fyrir %d viðburði,untuk %d kejadian,%d ಘಟನೆಗಳಿಗಾಗಿ,%d оқиға үшін,សម្រាប់ព្រឹត្តិការណ៍ %d,%d개의 이벤트에 대해,%d иш-чаралар үчүн,ເພື່ອກິດຈະກຳ %d ກິດ,за %d настани,untuk %d acara,%d ഇവന്റുകൾക്ക്,%d үйл явдлын хувьд,%d घटनाहरूका लागि,for %d hendelser,برای %d رویداد,%d ਘਟਨਾਵਾਂ ਲਈ,per %d eveniments,සිදුවීම් %d සඳහා,%d நிகழ்வுகளுக்காக,%d సంఘటనల కోసం,สำหรับ %d เหตุการณ์,%d etkinlik için,для %d подій,%d واقعات کے لئے,cho %d sự kiện,yezehlakalo ezingu-%d,para sa %d na kaganapan,para %d eventos,%d ღონისძიებისთვის,ל-%d אירועים,za %d događaja,%d ઇવેન્ટ્સ માટે,kwa matukio %d
until_s,Monday,until %s,bis %s,hasta %s,jusqu'à %s,até %s,fino a %s,tot %s,do %s,до %s,%sまで,直到 %s,até %s,до %s,do %s,indtil %s,kuni %s,asti %s,μέχρι %s,hétfőig %s,līdz %s,iki %s,până %s,do %s,do %s,till %s,%s तक,tot %s,deri të %s,እስከ %s ድረስ,حتى %s,մինչ %s,%sədək,%s পর্যন্ত,%s arte,да %s,%s အထိ,fins a %s,do %s,til %s,hingga %s,%s ತನಕ,%s дейін,រហូតដល់ %s,%s까지,%s чейин,ຈົນຮອດ %s,до %s,sehingga %s,വരെ %s,%s хүртэл,%s सम्म,til %s,تا %s,ਤੱਕ %s,fin %s,%s දක්වා,%s வரை,ఒకవేళ %s,จนถึง%s,%sye kadar,до %s,تک %s,đến %s,kuze kube %s,hanggang %s,ata %s,Ხუთამდე %s,עד %s,do %s,સુધી %s,hadi %s
on_s,Monday,on %s,am %s,el %s,le %s,na %s,di %s,op %s,w %s,в %s,%sに,在%s,na %s,в %s,v %s,på %s,%s,maanantaina %s,τη %s,%s,%s,an %s,în %s,v %s,na %s,på %s,%s को,op %s,të %s,እንደ %s,يوم %s,%s օրը,%s günü,%s দিনে,%s(e)an,у %s,%sတွင်,el %s,u %s,á %s,pada %s,%s ಎಂದು,%s күні,នៅលើ %s,%s에,%s күнү,ໃນ %s,на %s,pada %s,%s നാണ്,%s гарагт,%s मा,på %s,در %s,%s ਨੂੰ,da %s,%s දින,%s அன்று,%s,ใน %s,%s günü,у %s,بروز %s,vào %s,ngo-%s,sa %s,o %s,%s ორშაბათს,בי %s,u %s,%s નાં,siku ya %s
n_minutes,,%d minutes,%d Minuten,%d minutos,%d minutes,%d minutos,%d minuti,%d minuten,%d minut,%d минут,%d分,%d分钟,%d minutos,%d минути,%d minut,%d minutter,%d minutit,%d minuuttia,%d λεπτά,%d perc,%d minūtes,%d minutės,%d de minute,%d minút,%d minut,%d minuter,%d मिनट,%d minute,%d minuta,%d ደቂቃዎች,%d دقيقة,%d րոպե,%d dəqiqə,%d মিনিট,%d minutu,%d хвілін,%d မိနစ်,%d minuts,%d minuta,%d mínútur,%d menit,%d ನಿಮಿಷಗಳು,%d минут,%d នាទី,%d분,%d мүнөт,%d ນາທີ,%d минути,%d minit,%d മിനിറ്റ്,%d минут,%d मिनेट,%d minutter,%d دقیقه,%d ਮਿੰਟਾਂ,%d minutas,මිනිත්තු %d,%d நிமிடங்கள்,%d నిమిషాలు,%d นาที,%d dakika,%d хвилин,%d منٹ,%d phút,amaminithi angu-%d,%d minuto,%d minutos,%d წუთი,%d דקות╗,%d minuta,%d મિનિટ,Dakika %d
n_hours,,%d hours,%d Stunden,%d horas,%d heures,%d horas,%d ore,%d uur,%d godzin,%d часов,%d時間,%d小时,%d horas,%d часа,%d hodin,%d timer,%d tundi,%d tuntia,%d ώρες,%d óra,%d stundas,%d valandos,%d de ore,%d hodín,%d ur,%d timmar,%d घंटे,%d ure,%d orë,%d ሰዓታት,%d ساعة,%d ժամ,%d saat,%d ঘন্টা,%d ordu,%d гадзін,%d နာရီ,%d hores,%d sati,%d klukkustundir,%d jam,%d ಗಂಟೆಗಳು,%d сағат,%d ម៉ោង,%d시간,%d саат,ເປັນເວລາ %d ຊົ່ວໂມງ,%d часа,%d jam,%d മണിക്കൂർ,%d цаг,%d घण्टा,%d timer,%d ساعت,%d ਘੰਟੇ,%d uras,%d පැය,%d மணி நேரம்,%d గంటలు,%d ชั่วโมง,%d saat,%d годин,%d گھنٹے,%d giờ,Amahora angama-%d,%d na oras,%d horas,%d საათი,%d שעות,%d sati,%d કલાકો,%d saa
n_days,,%d days,%d Tage,%d días,%d jours,%d dias,%d giorni,%d dagen,%d dni,%d дней,%d日間,%d天,%d dias,%d дни,%d dní,%d dage,%d päeva,%d päivää,%d ημέρες,%d nap,%d dienas,%d dienos,%d de zile,%d dní,%d dni,%d dagar,%d दिन,%d dae,%d ditë,%d ቀናት,%d يوما,%d օրեր,%d gün,%d দিন,%d egun,%d дзён,%d ရက်,%d dies,%d dana,%d dagar,%d hari,%d ದಿನಗಳು,%d күн,%d ថ្ងៃ,%d일,%d күн,%d ມື້,%d дена,%d hari,%d ദിവസങ്ങൾ,%d хоног,%d दिनहरू,%d dager,%d روز,%d ਦਿਨ,%d dischdi,දින %d,%d நாட்கள்,%d రోజులు,%d วัน,%d gün,%d днів,%d دن,%d ngày,Izinsuku ezingama-%d,%d na araw,%d días,%d დღე,%d ימים,%d дана,%d દિવસ,siku %d
n_weeks,,%d weeks,%d Wochen,%d semanas,%d semaines,%d semanas,%d settimane,%d weken,%d tygodni,%d недель,%d週間,%d周,%d semanas,%d седмици,%d týdnů,%d uger,%d nädalat,%d viikkoa,%d εβδομάδες,%d hét,%d nedēļas,%d savaitės,%d de săptămâni,%d týždňov,%d tednov,%d veckor,%d सप्ताह,%d weke,%d javë,%d ሳምንታት,%d أسبوعًا,%d շաբաթ։,%d həftə,%d সপ্তাহ,%d aste,%d тыдняў,%d ပတ်,%d setmanes,%d tjedana,%d vikur,%d minggu,%d ವಾರಗಳು,%d апта,%d សប្តាហ៍,%d주 동안,%d жума,%d ອາທິດ,%d недели,%d minggu,%d ആഴ്ചകൾ,%d долоо хоног,%d हप्ता।,%d uker,%d هفته,%d ਹਫ਼ਤੇਮail,%d emnas,සති %dක්,%d வாரங்கள்,%d వారాలు,%d สัปดาห์,%d hafta,%d тижнів,%d ہفتے,%d tuần,Izinsuku ezingu-%d,%d na linggo,%d semanas,%d კვირა,%d שבועות,%d nedelja,%d અઠવાડિયાં,Wiki %d
1_minutes,,1 minute,1 Minute,1 minuto,1 minute,1 minuto,1 minuto,1 minuut,1 minuta,1 минута,1分,1分钟,1 minuto,1 минута,1 minuta,1 minut,1 minut,1 minuutti,1 λεπτό,1 perc,1 minūte,1 minutė,1 minut,1 minútu,1 minuta,1 minut,1 मिनट,1 minuut,1 minutë,አንድ ደቂቃ,دقيقة واحدة,1 րոպե,1 dəqiqə,১ মিনিট,1 minutu,1 хвіліна,၁ မိနစ်,1 minut,1 minuta,1 mínúta,1 menit,1 ನಿಮಿಷ,1 минут,១នាទី,1분,1 мүнөт,1 ນາທີ,1 минута,1 minit,1 മിനിറ്റ്,1 минут,१ मिनेट,1 minutt,۱ دقیقه,1 ਮਿੰਟ,1 minuta,මිනිත්තුවක්,1 நிமிடம்,1 నిమిషం,1 นาที,1 dakika,1 хвилина,1 منٹ,1 phút,umzuzu owodwa,1 minuto,1 minuto,1 წუთი,דקה אחת,1 minut,1 મિનિટ,Dakika 1
1_hours,,1 hour,1 Stunde,1 hora,1 heure,1 hora,1 ora,1 uur,1 godzina,1 час,1時間,1小时,1 hora,1 час,1 hodina,1 time,1 tund,1 tunti,1 ώρα,1 óra,1 stunda,1 valanda,1 oră,1 hodina,1 ura,1 timme,1 घंटा,1 uur,1 orë,አንድ ሰዓት,ساعة واحدة,1 ժամ,1 saat,১ ঘন্টা,1 ordu,1 гадзіна,၁ နာရီ,1 hora,1 sat,1 klukkustund,1 jam,1 ಗಂಟೆ,1 сағат,១ ម៉ោង,1시간,1 саат,1 ຊົ່ວໂມງ,1 час,1 jam,1 മണിക്കൂർ,1 цаг,१ घण्टा,1 time,1 ساعت,1 ਘੰਟਾ,1 ura,පැය 1,1 மணி நேரம்,1 గంటలు,1 ชั่วโมง,1 saat,1 година,1 گھنٹہ,1 giờ,ihora eli-1,1 oras,1 hora,1 საათი,שעה אחת,1 sat,1 કલાક,Saa 1
1_days,,1 day,1 Tag,1 día,1 jour,1 dia,1 giorno,1 dag,1 dzień,1 день,1日,1天,1 dia,1 ден,1 den,1 dag,1 päev,1 päivä,1 ημέρα,1 nap,1 diena,1 diena,1 zi,1 deň,1 dan,1 dag,1 दिन,1 dag,1 ditë,አንድ ቀን,يوم واحد,1 օր,1 gün,১ দিন,egun 1,1 дзень,တစ်ရက်,1 dia,1 dan,1 dagur,1 hari,1 ದಿನ,1 күн,១ ថ្ងៃ។,1일,1 күн,1 ມື້,1 ден,1 hari,1 ദിവസം,1 өдөр,१ दिन,1 dag,۱ روز,1 ਦਿਨ,1 di,දින 1,1 நாள்,1 రోజు,1 วัน,1 gün,1 день,1 دن,1 ngày,usuku olulodwa,1 araw,1 día,1 დღე,יום אחד,1 dan,૧ દિવસ,siku 1
1_weeks,,1 week,1 Woche,1 semana,1 semaine,1 semana,1 settimana,1 week,1 tydzień,1 неделя,1週間,1周,1 semana,1 седмица,1 týden,1 uge,1 nädal,1 viikko,1 εβδομάδα,1 hét,1 nedēļa,1 savaitė,1 săptămână,1 týždeň,1 teden,1 vecka,1 सप्ताह,1 week,1 javë,1 ሳምንት,أسبوع واحد,1 շաբաթ,1 həftə,১ সপ্তাহ,aste 1,1 тыдзень,၁ ပတ်,1 setmana,1 tjedan,1 vika,1 minggu,1 ವಾರ,1 апта,១ សប្ដាហ៍,1주일,1 жума,1 ອາທິດ,1 недела,1 minggu,1 ആഴ്ച,1 долоо хоног,१ हप्ता,1 uke,۱ هفته,1 ਹਫ਼ਤਾ,1 emna,සතියක්,1 வாரம்,1 వారం,1 สัปดาห์,1 hafta,1 тиждень,1 ہفتہ,1 tuần,iviki eli-1,1 linggo,1 semana,1 კვირა,שבוע 1,1 nedelja,1 અઠવાડિયું,wiki 1
add,,Add,Hinzufügen,Agregar,Ajouter,Adicionar,Aggiungi,Toevoegen,Dodaj,Добавить,追加する,添加,Adicionar,Добави,Přidat,Tilføj,Lisa,Lisää,Προσθήκη,Hozzáadás,Pievienot,Pridėti,Adaugă,Pridať,Dodajтехнологии,Lägg till,जोड़ें,Voeg by,Shto,ጨምር,إضافة,Ավելացնել,Əlavə et,যুক্ত করুন,Gehitu,Дадаць,ထည့်ပါ။,Afegir,Dodaj,Bæta við,Tambahkan,ಸೇರಿಸಿ,Қосу,បន្ថែម,추가하기,Кошуу,ເພີ່ມ,Додајте,Tambah,ചേർക്കുക,Нэмэх,थप्नुहोस्,Legg til,افزودن,ਜੋੜੋ,Agiuntar,එකතු කරන්න,சேர்,జోడించు,เพิ่ม,Ekle,Додати,شامل کریں,Thêm,Engeza,Magdagdag,Engadir,დამატება,הוסף,Dodajте,ઉમેરો,Ongeza
custom_recurrency_rule,,Recurrence rule,Wiederholungsregel,Regla de recurrencia,Règle de récurrence,Regra de recorrência,Regola di ricorrenza,Herhalingsregel,Reguła powtarzania,Правило повторения,繰り返し規則,重复规则,Regra de recorrência,Правило за повторение,Pravidlo opakování,Gentagelsesregel,Korduvuse reegel,Toistumissääntö,Κανόνας επανάληψης,Ismétlődési szabály,Atkārtošanās noteikums,Pasikartojimo taisyklė,Regulă de recurență,Pravidlo opakovania,Ponovitveno pravilo,Återkommande regel,पुनरावृत्ति नियम,Herhalingsreël,Rregulla e përsëritjes,የስንት ጊዜ መመለሻ ህግ,قاعدة التكرار,Պարզունակության կանոն,Təkrarlama qaydası,পুনরাবৃত্তি নিয়ম,Errepikapen araua,Правіла паўтарэння,ပြန်လည်ပြုလုပ်မှုစည်းမျဉ်း,Regla de recurrència,Pravilo ponavljanja,Endurtekningarregla,Aturan pengulangan,ಪುನರಾವೃತ್ತಿ ನಿಯಮ,Қайталану ережесі,ច្បាប់កើតឡើងឡើងវិញ,반복 규칙,Кайталоо эрежеси,ກົດລະບຽດການແກ້ໄຂ,Правило за повторување,Peraturan berulang,ആവൃത്തി നിയമം,Давтамжийн дүрэм,पुनरावृत्ति नियम,Gjentakelsesregel,قانون تکرار,ਦੁਹਰਾਉਣ ਦਾ ਨਿਯਮ,Regla da repetiziun,නැවත ඇතිවීමේ නීතිය,மீண்டும் நிகழும் விதி,పునరావృత్తి నియమం,กฎการเกิดซ้ำ,Tekrar kuralı,Правило повторення,دہرانے کا اصول,Quy tắc lặp lại,Umthetho wokuphindaphinda,Tuntunin ng pag-uulit,Regra de recorrencia,განმეორებითი წესი,כלל חזרה,Pravilo ponavljanja,પુનરાવૃત્તિ નિયમ,Sheria ya kurudia
repeat_every,,Repeat every,Wiederhole alle,Repetir cada,Répéter tous les,Repetir a cada,Ripeti ogni,Herhaal elke,Powtarzaj co,Повторять каждые,繰り返す間隔：毎,重复每个,Repetir a cada,Повтаряй всеки,Opakovat každý,Gentag hver,Korda iga,Toista joka,Επανάλαβε κάθε,Ismétlődik minden,Atkārtot katru,Kartoti kas,Repetă în fiecare,Opakovať každý,Ponovi vsak,Upprepa varje,हर बार दोहराएं,Herhaal elke,Përsërit çdo,በየ,كرر كل,Կրկնել յուրաքանչյուր,Hər birini təkrar et,প্রতি পুনরাবৃত্তি,Errepikatu hilean zehar,Паўтараць кожны,အခါတိုင်း ထပ်ခါတလဲလဲ,Repeteix cada,Ponovi svaki,Endurtaka hvert,Ulangi setiap,ಪ್ರತಿ ಬಾರಿ ಪುನರಾವರ್ತಿಸಿ,Қайталау әр,ធ្វើម្ដងរាល់,매번 반복,Кайталай берет,ຊ້ຳອີກທຸກๆ,Повтори секој,Ulangi setiap,ഓരോ ൽ ആവര്‍ത്തിക്കുക,Бүр давтах бүрт,प्रत्येक दोहोर्याउनुहोस्,Gjenta hver,تکرار هر,ਹਰ ਵਾਰ ਦੁਹਰਾਓ,Repetir mintga,සෑම විටම නැවත නැවතත්,ஒவ்வொருவரும் மீண்டும்,ప్రతిసారీ పునరావృతం చేయి,ทุกๆ,Her tekrarla,Повторювати кожні,ہر بار دہرائیں,Lặp lại mỗi,Phinda njalo,Ulitin tuwing,Repetir cada,გაიმეორება თითოეული,חזור כל,Ponavljaj svakog,દરેક પુનરાવર્તન કરો,Rudia kila
day_of_month,,Day of month,Tag des Monats,Día del mes,Jour du mois,Dia do mês,Giorno del mese,Dag van de maand,Dzień miesiąca,День месяца,月の日付,月份中的日子,Dia do mês,Ден от месеца,Den v měsíci,Dag i måneden,Kuu päev,Kuukauden päivä,Ημέρα του μήνα,Hónap napja,Mēneša diena,Mėnesio diena,Ziua din lună,Deň v mesiaci,Dan v mesecu,Dag i månaden,महीने का दिन,Dag van die maand,Dita e muajit,የወሩ ቀን,يوم من الشهر,Ամսվա օրը,Ayın günü,মাসের দিন,Hilabetearen eguna,Дзень месяца,လအတွင်းရက်စွဲ,Dia del mes,Dan u mjesecu,Dagur mánaðar,Hari dalam bulan,ತಿಂಗಳ ದಿನ,Ай күні,ថ្ងៃនៃខែ,월의 날짜,Айдын күнү,ວັນຂອງເດືອນ,Ден од месецот,Hari dalam bulan,മാസത്തിലെ ദിവസം,Сарын өдөр,महिनाको दिन,Dag i måneden,روز ماه,ਮਹੀਨੇ ਦਾ ਦਿਨ,Di dal mais,මාසයේ දිනය,மாதத்தின் நாள்,నెలలో రోజు,วันของเดือน,Ayın günü,День місяця,مہینے کا دن,Ngày trong tháng,Usuku lwanyanga,Araw ng buwan,Día do mes,თვის დღე,יום בחודש,Dan u mesecu,મહિનાનો દિવસ,Siku ya mwezi
week_of_month,,Week of month,Woche des Monats,Semana del mes,Semaine du mois,Semana do mês,Settimana del mese,Week van de maand,Tydzień miesiąca,Неделя месяца,月の週,月中周次,Semana do mês,Седмица от месеца,Týden v měsíci,Uge i måneden,Kuu nädal,Kuukauden viikko,Εβδομάδα του μήνα,Hónap hete,Mēneša nedēļa,Mėnesio savaitė,Săptămâna din lună,Týždeň v mesiaci,Teden v mesecu,Vecka i månaden,महीने का सप्ताह,Week van maand,Java e muajit,የወሩ ሳምንት,أسبوع من الشهر,Ամսվա շաբաթ,Ayın həftəsi,মাসের সপ্তাহ,Hilabeteko astea,Тыдзень месяца,လအတွင်းရက်ပတ်,Setmana del mes,Tjedan u mjesecu,Vika mánaðarins,Minggu dari bulan,ತಿಂಗಳ ವಾರ,Айдың аптасы,សប្តាហ៍នៃខែ,월의 주,Айдын аптасы,ອາທິດຂອງເດືອນ,Недела од месецот,Minggu dalam bulan,മാസത്തിലെ ആഴ്‌ച,Сарын долоо хоног,महिनाको हप्ता,Uke i måneden,هفته‌ی ماه,ਮਹੀਨੇ ਦਾ ਹਫ਼ਤਾ,Emna dal mais,මාසයේ සතිය,மாதத்தின் வாரம்,నెలలో వారం,สัปดาห์ของเดือน,Ayın haftası,Тиждень місяця,مہینے کا ہفتہ,Tuần của tháng,Iviki lenyanga,Linggo ng buwan,Semana do mes,თვის კვირა,שבוע בחודש,Nedelja u mesecu,મહિનાનું સપ્તાહ,Wiki ya mwezi
select_day_of_the_week,,Select day of the week,Wählen Sie den Wochentag aus,Seleccione el día de la semana,Sélectionnez le jour de la semaine,Selecione o dia da semana,Seleziona il giorno della settimana,Selecteer dag van de week,Wybierz dzień tygodnia,Выберите день недели,曜日を選択하세요,选择星期几,Selecione o dia da semana,Изберете ден от седмицата,Vyberte den v týdnu,Vælg ugedag,Vali nädalapäev,Valitse viikonpäivä,Επιλέξτε ημέρα της εβδομάδας,Válassza ki a hét napját,Izvēlieties nedēļas dienu,Pasirinkite savaitės dieną,Selectează ziua săptămânii,Vyberte deň v týždni,Izberite dan v tednu,Välj veckodag,सप्ताह का दिन चुनें,Kies dag van die week,Zgjidh ditën e javës,የሳምንቱን ቀን ይምረጡ,اختر يوم الأسبوع,Ընտրեք շաբաթվա օրը,Həftənin gününü seçin,সপ্তাহের দিন নির্বাচন করুন,Astegunaren hautatu,Выберыце дзень тыдня,အပတ်ရက်ကိုရွေးပါ။,Seleccioneu el dia de la setmana,Odaberite dan u tjednu,Veldu dag vikunnar,Pilih hari dalam seminggu,ವಾರದ ದಿನವನ್ನು ಆರಿಸಿ,Аптаның күнін таңдаңыз,ជ្រើសរើសថ្ងៃនៃសប្ដាហ៍,요일 선택,Аптанын күнүн тандаңыз,ເລືອກວັນໃນອາທິດ,Одберете ден од неделата,Pilih hari dalam minggu,ആഴ്ചയിലെ ദിവസം തിരഞ്ഞെടുക്കുക,Долоо хоногийн ямар өдөр сонгох,साताको दिन चयन गर्नुहोस्,Velg ukedag,روز هفته را انتخاب کنید,ਹਫ਼ਤੇ ਦਾ ਦਿਨ ਚੁਣੋ,Tscherna il di da l'emna,සතියේ දිනය තෝරන්න,வாரத்தின் நாளை தேர்ந்தெடுக்கவும்,వారంలో రోజుని ఎంచుకోండి,เลือกวันในสัปดาห์,Haftanın gününü seçin,Виберіть день тижня,ہفتے کا دن منتخب کریں,Chọn ngày trong tuần,Khetha usuku lwesonto,Pumili ng araw ng linggo,Seleccione o día da semana,კვირის დღის არჩევა,בחר יום בשבוע,Odaberite dan u nedelji,સપ્તાહનો દિવસ પસંદ કરો,Chagua siku ya wiki
select_day_of_the_month,,Select day of the month,Wählen Sie den Tag des Monats,Seleccione el día del mes,Sélectionnez le jour du mois,Selecione o dia do mês,Seleziona il giorno del mese,Selecteer dag van de maand,Wybierz dzień miesiąca,Выберите день месяца,月の日にちを選択してください,选择月份中的日期,Selecione o dia do mês,Изберете ден от месеца,Vyberte den v měsíci,Vælg dag i måneden,Valige kuu päev,Valitse kuukauden päivä,Επιλέξτε ημέρα του μήνα,Válassza ki a hónap napját,Izvēlieties mēneša dienu,Pasirinkite mėnesio dieną,Selectați ziua lunii,Vyberte deň v mesiaci,Izberite dan v mesecu,Välj dag i månaden,महीने का दिन चुनें,Kies dag van die maand,Zgjidhni ditën e muajit,የወሩን ቀን ይምረጡ,اختر يوماً من الشهر,Ընտրեք ամսվա օրը,Ayın gününü seçin,মাসের দিন নির্বাচন করুন,Hilabeteko eguna hautatu,Абярыце дзень месяца,လအတွင်းရက်ရွေးပါ။,Selecciona el dia del mes,Odaberite dan u mjesecu,Veldu dag mánaðarins,Pilih hari dalam bulan,ತಿಂಗಳ ದಿನವನ್ನು ಆಯ್ಕೆಮಾಡಿ,Айдың күнін таңдаңыз,ជ្រើសរើសថ្ងៃនៃខែ,월의 날짜를 선택하세요,Ayın künün tandalыz,ເລືອກວັນຂອງເດືອນ,Изберете ден од месецот,Pilih hari dalam bulan,മാസത്തിലെ ദിവസം തിരഞ്ഞെടുക്കുക,Сарын өдрийг сонгоно уу,महिनाको दिन चयन गर्नुहोस्,Velg dag i måneden,انتخاب روز ماه,ਮਹੀਨੇ ਦਾ ਦਿਨ ਚੁਣੋ,Tscherna di dal mais,මාසයේ දිනය තෝරන්න,மாதத்தின் நாளை தேர்ந்தெடுக்கவும்,నెలలో రోజును ఎంచుకోండి,เลือกวันของเดือน,Ayın gününü seçin,Оберіть день місяця,مہینے کا دن منتخب کریں,Chọn ngày trong tháng,Khetha usuku lwenyanga,Pumili ng araw ng buwan,Selecciona o día do mes,თვის დღის არჩევა,בחר יום בחודש,Izaberite dan u mesecu,મહિનાનો દિવસ પસંદ કરો,Chagua siku ya mwezi
on_week_of_the_month,,On following weeks of the month,An den folgenden Wochen des Monats,En las siguientes semanas del mes,Au cours des semaines suivantes du mois,Nas seguintes semanas do mês,Nelle settimane seguenti del mese,In de komende weken van de maand,W następujących tygodniach miesiąca,На следующих неделях месяца,月の残りの週に,在本月接下来的几周内,Nas próximas semanas do mês,През следващите седмици от месеца,V následujících týdnech měsíce,I de følgende uger af måneden,Järgnevatel nädalatel kuus,Seuraavina viikkoina kuukaudessa,Στις επόμενες εβδομάδες του μήνα,A hónap következő heteiben,Nākamajās mēneša nedēļās,Ateinančiomis mėnesio savaitėmis,În săptămânile următoare ale lunii,V nasledujúcich týždňoch mesiaca,V naslednjih tednih meseca,Under följande veckor i månaden,महीने के आने वाले सप्ताहों में,Op die volgende weke van die maand,Në javët në vijim të muajit,በወሩ ምክንያት ውስጥ የሚከተሉ ሳምንታት,في الأسابيع التالية من الشهر,Հաջորդ շաբաթներին ամսվա ընթացքում,Ayın sonrakı həftələrində,মাসের আগামী সপ্তাহগুলিতে,Hilabetearen hurrengo asteetan,У наступныя тыдні месяца,လအတွင်းရှိ လာမည့် အပတ်များတွင်,En les setmanes següents del mes,U sljedećim tjednima mjeseca,Á eftirfarandi vikum mánaðarins,Pada minggu-minggu berikutnya dalam bulan ini,ಮಾಸದ ಮುಂದಿನ ವಾರಗಳಲ್ಲಿ,Айдың келесі апталарында,ក្នុងសប្ដាហ៍បន្ទាប់ៗនៃខែ,해당 월의 다음 주에,Айдын кийинки апталарында,ໃນອາທິດທີ່ຈະມາຂອງເດືອນ,Во претстојните недели од месецот,Pada minggu-minggu berikutnya dalam bulan ini,മാസത്തിലെ തുടർച്ചയായ ആഴ്ചകളിൽ,Сарын дараагийн долоо хоногуудад,महिनाको आउने हप्ताहरुमा,På følgende uker i måneden,در هفته‌های آتی از ماه,ਮਹੀਨੇ ਦੇ ਆਉਣ ਵਾਲੇ ਹਫ਼ਤਿਆਂ ਵਿੱਚ,Sin las emnas suandantas dal mais,මාසයේ පසු එන සතියන් තුළ에서,மாதத்தின் வரும் வாரங்களில்,నెలలో తరువాతి వారాలలో,ในสัปดาห์ถัดไปของเดือน,Ayın takip eden haftalarında,У наступні тижні місяця,مہینے کے آنے والے ہفتوں میں,Trong các tuần tiếp theo của tháng,Ngezonto ezilandelayo zenyanga,Sa mga susunod na linggo ng buwan,Nas seguintes semanas do mes,თვის შემდეგი კვირების განმავლობაში,בשבועות הבאים של החודש,U narednim nedeljama meseca,મહિનાના આગામી અઠવાડિયાઓમાં,Katika wiki zifuatazo za mwezi
only_for_these_months,,Only for these months,Nur für diese Monate,Solo para estos meses,Uniquement pour ces mois,Apenas para estes meses,Solo per questi mesi,Alleen voor deze maanden,Tylko dla tych miesięcy,Только для этих месяцев,これらの月に限ります,仅限这些月份,Apenas para estes meses,Само за тези месеци,Pouze pro tyto měsíce,Kun for disse måneder,Ainult nendeks kuudeks,Vain näille kuukausille,Μόνο για αυτούς τους μήνες,Csak ezekre a hónapokra,Tikai šiem mēnešiem,Tik šiems mėnesiams,Doar pentru aceste luni,Iba pre tieto mesiace,Samo za te mesece,Endast för dessa månader,केवल इन महीनों के लिए,Net vir hierdie maande,Vetëm për këto muaj,ብቻ ለእነዚህ ወራቶች,فقط لهذه الأشهر,Միայն այս ամիսներին,Yalnız bu aylar üçün,শুধুমাত্র এই মাসগুলির জন্য,Hilabete hauetarako soilik,Толькі на гэтыя месяцы,ဒီလများအတွက်သာ။,Només per aquests mesos,Samo za ove mjesece,Aðeins fyrir þessa mánuði,Hanya untuk bulan-bulan ini,ಈ ತಿಂಗಳುಗಳಿಗೆ ಮಾತ್ರ,Тек осы айлардағы үшін,សម្រាប់តែខែទាំងនេះប៉ុណ្ណោះ,이 달에만 해당됩니다,Бул айлар үчүн гана,ສະເພາະເດືອນນີ້ເທົ່ານັ້ນ,Само за овие месеци,Hanya untuk bulan-bulan ini,ഈ മാസങ്ങൾക്ക് മാത്രം,Эдгээр саруудад л зориулав.,यी महिनाहरूको लागि मात्रै,Kun for disse månedene,فقط برای این ماه‌ها,ਸਿਰਫ਼ ਇਨ੍ਹਾਂ ਮਹੀਨਿਆਂ ਲਈ,Mo per quests mais,මේ මාස වලට පමණයි,இந்த மாதங்களுக்கு மட்டுமே,ఈ నెలలకు మాత్రమే,เฉพาะเดือนเหล่านี้เท่านั้น,Sadece bu aylar için,Лише для цих місяців,صرف ان مہینوں کے لئے,Chỉ dành cho những tháng này,Kuphela ngenyanga lezi,Tanging para sa mga buwang ito,Só para estes meses,მხოლოდ ამ თვეებისთვის,רק לחודשים אלה,Samo za ove mesece,માત્ર આ મહિના માટે,Tu kwa miezi hii
ends,,Ends,Endet,Finaliza,Se termine,Termina,Termina,Eindigt,Kończy się,Заканчивается,終了時間,结束时间,Termina,Завършва,Končí,Slutter,Lõpeb,Päättyy,Τελειώνει,Befejeződik,Beidzas,Baigiasi,Se termină,Končí,Konča se,Slutar,समाप्त होता है,Eindig,Përfundon,ይከታተላል,ينتهي,Ավարտվում է,Bitir LinkedIn,শেষ হয়,Amaiera,Заканчаецца,အဆုံးသတ်သည်,Acaba,Završava,Lýkur,Berakhir,ಅಂತ್ಯಗೊಳ್ಳುತ್ತದೆ,Аяқталады,បញ្ចប់,종료,Аяктайт,ສິ້ນສຸດ,Завршува,Berakhir,അവസാനിക്കുന്നു,Дуусах болно,समाप्त हुन्छ,Slutter,پایان می‌یابد,ਖਤਮ ਹੁੰਦਾ ਹੈ,Finischa,අවසන් වේ,முடிவுறுகிறது,ముగిసింది,สิ้นสุด,Bitiş Tarihi,Закінчується,ختم ہوتا ہے,Kết thúc,Iphela,Natatapos,Remata,დამთავრება,נגמר,Završava se,સમાપ્ત થાય છે,Inaisha
never,,Never,Nie,Nunca,Jamais,Nunca,Mai,Nooit,Nigdy,Никогда,決して,从不,Nunca,Никога,Nikdy,Aldrig,Kunagi,Ei koskaan,Ποτέ,Soha,Nekad,Niekada,Niciodată,Nikdy,Nikoli,Aldrig,कभी नहीं,Nooit,Kurrë,ፈጣሪ አይደለም,أبدًا,Երբեք,Heç vaxt,কখনো না,Inoiz ez,Ніколі,ဘယ်တော့မှမ,Mai,Nikad,Aldrei,Tidak pernah,ಎಂದಿಗೂ,Ешқашан,មិនដែល,절대로,Эч качан,ບໍ່ເຄີຍ,Никогаш,Tidak pernah,ഒരിക്കലും,Хэзээ ч,कहिल्यै,Aldri,هرگز,ਕਦੇ ਵੀ ਨਹੀਂ,Mai,කිසි දිනෙක නැත,ஒருபோதும்,ఎప్పుడూ,ไม่เคย,Asla,Ніколи,کبھی نہیں,Không bao giờ,Nanini,Hindi kailanman,Nunca,არასდროს,אף פעם,Nikada,ક્યારેય નહિ,Kamwe
NONE,,Not set,Keine,Ninguno,Aucun,Nenhum,Nessuno,Geen,Brak,Нет,なし,无,Nenhum,Няма,Žádný,Ingen,Puudub,Ei mitään,Κανένα,Nincs,Nav,Nėra,Nici unul,Žiadne,Nobeden,Ingen,कोई नहीं,Geen,Asnjë,አልተለከለም,لا شيء,Ոչ մեկը,Heç biri,কিছু নয়,Bat ere ez,Няма,မရှိပါ,Cap,Nema,Engin,Tidak Ada,ಯಾವುದೂ ಇಲ್ಲ,Ешқайсысы,គ្មាន,없음,Жок,ບໍ່ເຫມືອນກັນ,Ништо,Tiada,യാതൊന്നുമില്ല,Байхгүй,कुनै पनि छैन,Ingen,هیچکدام,ਕੋਈ ਨਹੀਂ,Nagina,කිසිවක් නැත,யாவும் இல்லை,ఏది కాదు,ไม่มี,Hiçbiri,Немає,کوئی نہیں,Không có,Akukho,Wala,Ningún,არცერთი,ללא,Nijedna,કંઇ નથી,Hakuna
CONFIRMED,,Confirmed,Bestätigt,Confirmado,Confirmé,Confirmado,Confermato,Bevestigd,Potwierdzone,Подтверждено,確認済み,已确认,Confirmado,Потвърдено,Potvrzeno,Bekræftet,Kinnitatud,Vahvistettu,Επιβεβαιωμένο,Megerősítve,Apstiprināts,Patvirtinta,Confirmat,Potvrdené,Potrjeno,Bekräftad,पुष्टि की गई,Bevestig,Konfirmuar,ተረጋግጧል,مؤكد,Հաստատված,Təsdiqləndi,নিশ্চিত করা হয়েছে,Baieztatuta,Пацверджана,အတည်ပြုပြီး,Confirmat,Potvrđeno,Staðfest,Terkonfirmasi,ದೃಢೀಕರಿಸಲಾಗಿದೆ,Расталған,បានបញ្ជាក់,확인됨,Тастыкталды,ຢືນຢັນແລ້ວ,Потврдено,Disahkan,സ്ഥിരീകരിച്ചു,Баталгаажсан,पुष्टि भयो,Bekreftet,تایید شد,ਪੁਸ਼ਟੀ ਕੀਤੀ,Confermà,තහවුරු කර ඇත,உறுதிப்படுத்தப்பட்டது,నిర్ధారించబడింది,ยืนยันแล้ว,Onaylandı,Підтверджено,تصدیق شدہ,Đã xác nhận,Kuqinisekisiwe,Kumpirmado,Confirmado,დასტურილი,מאושר,Potvrđeno,ખાતરી થઈ ગઈ,Imethibitishwa
CANCELED,,Canceled,Abgesagt,Cancelado,Annulé,Cancelado,Annullato,Geannuleerd,Anulowano,Отменено,キャンセル済み,已取消,Cancelado,Отменен,Zrušeno,Aflyst,Tühistatud,Peruutettu,Ακυρώθηκε,Törölve,Atcelts,Atšaukta,Anulat,Zrušené,Preklicano,Inställt,रद्द किया गया,Gekanselleer,Anuluar,ተሰርዟል,ملغاة,Չեղարկված,Ləğv edildi,বাতিল করা হয়েছে,Ezeztatuta,Адменена,ဖျက်သိမ်းပြီး,Cancel·lat,Otkazano,Aflýst,Dibatalkan,ರದ್ದುಗೊಳಿಸಲಾಗಿದೆ,Күшін жойды,បានបោះបង់,취소됨,Жокко чыгарылды,ຍົກເລີກແລ້ວ,Откажано,Dibatalkan,റദ്ദാക്കിയിരിക്കുന്നു,Цуцлагдсан,रद्द भयो,Avlyst,لغو شد,ਰੱਦ ਕੀਤਾ ਗਿਆ,Annullà,අවලංගු කරන ලදී,ரத்து செய்யப்பட்டது,రద్దు చేయబడింది,ยกเลิกแล้ว,İptal Edildi,Скасовано,منسوخ کر دیا گیا,Đã hủy,Khanseliwe,Kinansela,Cancelado,გაუქმებული,בוטל,Otkazano,રદ કરેલું,Imefutwa
TENTATIVE,,Tentative,Vorläufig,Tentativo,Provisoire,Provisório,Provvisorio,Voorlopig,Niepewny,Предварительно,仮予定,暂定,Provisório,Предварителен,Nejistý,Foreløbig,Esialgne,Alustava,Προσωρινός,Előzetes,Provizorisks,Preliminarus,Provizoriu,Predbežný,Nezavezujoče,Preliminär,अनिश्चितकालीन,Voorlopig,Provizore,እየተጠበቀ,مؤقتة,Անհաստատ,Müvəqqəti,সাময়িক,Behin-behineko,Папярэдні,ယာယီအစီအစဉ်များ,Provisional,Nesiguran,Áformlegur,Tentatif,ತಾತ್ಕಾಲಿಕವಾಗಿ,Ұсынылған,បណ្ដោះអាសន្ន,임시적인,Болжолдуу,ຍັງບໍ່ແນ່ໃຈ,Предлог,Tentatif,താൽക്കാലികം,Тодорхойгүй,अनौपचारिक,Foreløpig,موقت,ਅਸਥਾਈ ਤੌਰ ਤੇ,Provisoric,කාලීන ලෙස,கால்மானம்,తాత్కాలికంగా,ไม่แน่นอน,Belirsiz,Орієнтовно,عارضی,Dự kiến,Okwesikhashana,Pansamantala,Provisional,Სავარაუდოდ,ראשוני,Privremeno,કામચલાઉ,Ya muda
FREE,,Available,Verfügbar,Disponible,Disponible,Disponível,Disponibile,Beschikbaar,Dostępne,Доступно,利用可能,可用的,Disponível,Наличен,Dostupné,Ledig,Saadaval,Saatavilla,Διαθέσιμος,Elérhető,Pieejams,Prieinamas,Disponibil,Dostupné,Na voljo,Tillgänglig,उपलब्ध,Beskikbaar,E disponueshme,ይገኛል,متاح,Առաջանայիք,Mövcuddur,উপলব্ধ,Eskuragarri,Даступны,ရနိုင်သည်,Disponible,Dostupno,Laus,Tersedia,ಲಭ್ಯವಿದೆ,Қолжетімді,ដែលមាននៅលើបណ្តាញ,사용 가능한,Жеткиликтүү,ມີຢູ່,Достапно,Tersedia,ലഭ്യമാണ്,Боломжтой,उपलब्ध,Ledig,در دسترس,ਉਪਲਬਧ,Disponibel,ලබා ගත හැකි,கிடைக்கும்,అందుబాటులో ఉంది,ว่าง,Uygun,Доступно,دستیاب,Có sẵn,Tholakala,Magagamit,Dispoñible,მისაწვდომი,זמין,Dostupno,ઉપલબ્ધ,Inapatikana
BUSY,,Busy,Beschäftigt,Ocupado,Occupé,Ocupado,Impegnato,Bezet,Zajęty,Занят,忙しい,忙碌,Ocupado,Зает,Zaneprázdněný,Optaget,Hõivatud,Varattu,Απασχολημένος,Elfoglalt,Aizņemts,Užimtas,Ocupat,Zaneprázdnený,Zaseden,Upptagen,व्यस्त,Besig,I Zënë,ተስፋፊ,مشغول,Ազդակ՝րարած,Məşğul,ব্যস্ত,Lanpetuta,Заняты,အလုပ်များနေသည်။,Ocupat,Zauzeto,Upptekinn,Sibuk,ಬ್ಯುಸಿ,Бос емес,រវល់,바쁨,Банды,ອ່ອນວ່າງ,Зафатен,Sibuk,തിരക്കുള്ള,Түгжсэн,व्यस्त,Opptatt,شلوغ,ਵਿਅਸਤ,Occupà,කාර්යබහුලව පවතී,பிஸி,బిజీ,ยุ่ง,Meşgul,Зайнятий,مصروف,Bận rộn,Matasa,Abala,Ocupado,დაკავებული,עסוק,Zauzeto,વ્યસ્ત,Bize
UNAVAILABLE,,Unavailable,Nicht verfügbar,No disponible,Indisponible,Indisponível,Indisponibile,Niet beschikbaar,Niedostępne,Недоступно,利用不可,不可用,Indisponível,Недостъпен,Nedostupné,Utilgængelig,Pole saadaval,Ei saatavilla,Μη διαθέσιμος,Nem elérhető,Nav pieejams,Nepasiekiamas,Indisponibil,Nedostupné,Ni na voljo,Otillgänglig,अनुपलब्ध,Nie beskikbaar nie,I padisponueshëm,አይገኝም,غير متاح,Անհասանելի,Mövcud deyil,অনুপলব্ধ,Ez erabilgarri,Недаступны,မရနိုင်ပါ။,No disponible,Nedostupno,Ólaust,Tidak tersedia,ಲಭ್ಯವಿಲ್ಲ,Қолжетімсіз,មិនមានទេ,사용 불가능,Жеткиликсиз,ບໍ່​ມີ​ສາ​ມາດ,Недостапно,Tidak tersedia,ലഭ്യമല്ല.,Боломжгүй,अनुपलब्ध,Utilgjengelig,در دسترس نیست,ਉਪਲਬਧ ਨਹੀਂ,Indisponibel,නොපවතින,கிடைக்காது,అందుబాటులో లేని,ไม่พร้อมใช้งาน,Uygun değil,Недоступно,غیر دستیاب,Không khả dụng,Ayitholakali,Hindi magagamit,Non dispoñible.,მიუწვდომელი,אינו זמין,Nedostupno,અનુપલબ્ધ,Haipatikani
name,,Name,Name,Nombre,Nom,Nome,Nome,Naam,Nazwa,Имя,名前,名称,Nome,Име,Název,Navn,Nimi,Nimi,Όνομα,Név,Nosaukums,Pavadinimas,Nume,Názov,Ime,Namn,नाम,Naam,Emri,ስም,الاسم,Անվանում,Ad,নাম,Izena,Імя,အမည်,Nom,Ime,Nafn,Nama,ಹೆಸರು,Атау,ឈ្មោះ,이름,Аты,ຊື່,Име,Nama,പേര്,Нэр,नाम,Navn,نام,ਨਾਮ,Num,නම්,பெயர்,పేరు,ชื่อ,Ad,Ім'я,نام,Tên,Igama,Pangalan,Nome,სახელი,שם,Ime,નામ,Jina
edit_attendee,,Edit attendee,Teilnehmer bearbeiten,Editar asistente,Modifier le participant,Editar participante,Modifica partecipante,De deelnemer bewerken,Edytuj uczestnika,Редактировать участника,参加者を編集,编辑与会者,Editar participante,Редактиране на участник,Upravit účastníka,Rediger deltager,Osaleja muutmine,Muokkaa osallistujaa,Επεξεργασία συμμετέχοντα,Résztvevő szerkesztése,Rediģēt dalībnieku,Redaguoti dalyvį,Editați participantul,Upraviť účastníka,Uredi udeleženca,Redigera deltagare,प्रतिभागी संपादित करें,Wysig bywoner,Redakto pjesëmarrësin,አባልን አርትዕ,تحرير المشارك,Փոփոխել հաճախորդին,İştirakçını düzəlt,অতিথি সম্পাদনা করুন,Editatu partaidea,Рэдагаваць удзельніка,တက်ရောက်သူကို ပြင်ဆင်ပါ။,Edita el participant,Uredi sudionika,Breyta þátttakanda,Edit peserta,ಭಾಗವಹಿಸುವವರನ್ನು ತಿದ್ದು,Қатысушыны өңдеу,កែប្រែអ្នកចូលរួម,참석자 수정,Катышуучуну оңдоо,ແກ້ໄຂຜູ້ເຂົ້າຮ່ວມ,Уреди учесник,Edit peserta,ഹാജരാകുന്നവരെ തിരുത്തുക,Оролцогчийг засах,अतिथि सम्पादन गर्नुहोस्,Rediger deltaker,ویرایش شرکت‌کننده,ਉਪਸਥਿਤੀ ਸੋਧੋ,Modifitgar participant,සහභාගීවරයා සංස්කරණය කරන්න,பங்கேற்பாளரை திருத்துக,హాజరు అయ్యేవారిని సవరించు,แก้ไขผู้เข้าร่วม,Katılımcıyı düzenle,Редагувати учасника,شرکاء میں ترمیم کریں,Chỉnh sửa người tham dự,Hlela umhlanganyeli,I-edit ang kalahok,Editar participante,მონაწილეს რედაქტირება,ערוך משתתף,Izmeni učesnika,સભ્યને સંપાદિત કરો,Hariri mwalikwa
add_an_attendee,,Add an attendee,Einen Teilnehmer hinzufügen,Agregar un participante,Ajouter un participant,Adicionar um participante,Aggiungi un partecipante,Voeg een deelnemer toe,Dodaj uczestnika,Добавить участника,参加者を追加,添加与会者,Adicionar um participante,Добавете участник,Přidat účastníka,Tilføj en deltager,Lisa osaleja,Lisää osallistuja,Προσθέστε έναν συμμετέχοντα,Vegyél fel egy résztvevőt,Pievienot dalībnieku,Pridėti dalyvį,Adaugă un participant,Pridať účastníka,Dodaj udeleženca,Lägg till en deltagare,एक प्रतिभागी जोड़ें,Voeg 'n bywoner by,Shto një pjesëmarrës,እንቅስቃሴ ይጨምሩ,أضف حضورًا,Հավելել մասնակից։,İştirakçı əlavə et,একজন অংশগ্রহণকারী যোগ করুন,Gonbidatu bat gehitu,Дадайце ўдзельніка,တက်ရောက်သူအသစ်ထည့်ပါ။,Afegeix un assistent,Dodaj sudionika,Bæta við þátttakanda,Tambahkan peserta,ಭಾಗವಹಿಸುವವರನ್ನು ಸೇರಿಸಿ,Қатысушы қосу,បន្ថែមអ្នកចូលរួម,참석자 추가,Катышуучуну кошуу,ເພີ່ມຜູ້ເຂົ້າເຊີນ,Додади учесник,Tambahkan peserta,ഒരു പങ്കെടുക്കുന്നവരെ ചേർക്കുക,Оролцогч нэмэх,प्रतिभागी थप्नुहोस्,Legg til en deltaker,افزودن یک شرکت‌کننده,ਇੱਕ ਹਾਜ਼ਰੀ ਜੋੜੋ,Agiuntar in partecipant,කැඳවීම් ලැබූවෙකු එක් කරන්න,பங்கேற்பாளரை சேர்க்கவும்,హాజరు అయ్యేవారిని జోడించండి,เพิ่มผู้เข้าร่วม,Katılımcı ekle,Додати учасника,شرکت کنندہ شامل کریں,Thêm một người tham dự,Engeza umhlanganyeli,Magdagdag ng isang kalahok,Engade un asistente,დაამატეთ დასწრების მიმართულება,הוסף משתתף,Dodajte učesnika,એક હાજરી ઉમેરો,Ongeza mshiriki
please_enter_a_name,,Please enter a name,Bitte geben Sie einen Namen ein,Por favor ingresa un nombre,Veuillez entrer un nom,"Por favor, insira um nome",Inserisci un nome,Voer een naam in,Proszę wpisać nazwę,"Пожалуйста, введите имя",名前を入力してください,请输入名称,"Por favor, insira um nome","Моля, въведете име",Zadejte prosím název,Indtast venligst et navn,Palun sisestage nimi,Anna nimi,Παρακαλώ εισάγετε ένα όνομα,"Kérjük, adja meg a nevet","Lūdzu, ievadiet nosaukumu",Įveskite pavadinimą,Vă rugăm să introduceți un nume,Zadajte názov,Vnesite ime,Ange ett namn,कृपया एक नाम दर्ज करें,Voer asseblief 'n naam in,Ju lutemi shkruani një emër,እባክዎ ስም ያስገቡ,يرجى إدخال اسم,Խնդրում ենք մուտքագրել անուն,Zəhmət olmasa bir ad daxil edin,অনুগ্রহ করে একটি নাম লিখুন,"Mesedez, sartu izen bat","Калі ласка, увядзіце імя",အမည်ထည့်ပေးပါ။,"Si us plau, introduïu un nom",Unesite ime,Vinsamlegast sláðu inn nafn,Silakan masukkan nama,ದಯವಿಟ್ಟು ಹೆಸರನ್ನು ನಮೂದಿಸಿ,Атауын енгізіңіз,សូមបញ្ចូលឈ្មោះ,이름을 입력하세요,Атын киргизиңиз,ກະລຸນາໃສ່ຊື່,Ве молиме внесете име,Sila masukkan nama,ഒരു പേര് നൽകുക,Нэр оруулна уу,कृपया नाम प्रविष्ट गर्नुहोस्,Vennligst skriv inn et navn,لطفا نامی وارد کنید,ਕਿਰਪਾ ਕਰਕੇ ਇੱਕ ਨਾਮ ਦਰਜ ਕਰੋ,Per plaschair endatescha in num,කරුණාකර නමක් ඇතුලත් කරන්න,ஒரு பெயரை உள்ளிடவும்,ఒక పేరు నమోదు చేయండి,กรุณาป้อนชื่อ,Lütfen bir ad girin,"Будь ласка, введіть назву",براہ کرم نام درج کریں,Vui lòng nhập tên,Sicela ufake igama,Mangyaring maglagay ng pangalan,Introduce un nome,"გთხოვთ, შეიყვანეთ სახელი",אנא הזן שם,Unesite ime,કૃપા કરીને નામ દાખલ કરો,Tafadhali weka jina
enter_valid_email,,Please enter a valid email address,Bitte geben Sie eine gültige E-Mail-Adresse ein,"Por favor, introduce una dirección de correo electrónico válida.",Veuillez saisir une adresse e-mail valide,"Por favor, insira um endereço de e-mail válido.",Inserisci un indirizzo email valido,Voer een geldig e-mailadres in,Proszę wprowadzić poprawny adres e-mail,"Пожалуйста, введите действующий адрес электронной почты",有効なメールアドレスを入力してください。,请输入有效的电子邮件地址,"Por favor, insira um endereço de e-mail válido","Моля, въведете валиден имейл адрес",Zadejte prosím platnou e-mailovou adresu.,Indtast venligst en gyldig e-mailadresse,Sisestage kehtiv e-posti aadress.,Anna voimassa oleva sähköpostiosoite,Παρακαλώ εισάγετε μια έγκυρη διεύθυνση email,"Kérjük, adjon meg egy érvényes e-mail címet","Lūdzu, ievadiet derīgu e-pasta adresi",Įveskite galiojantį el. pašto adresą,Vă rugăm să introduceți o adresă de email validă,Zadajte platnú e-mailovú adresu,Vnesite veljaven e-poštni naslov,Ange en giltig e-postadress,कृपया एक मान्य ईमेल पता दर्ज करें।,Voer asseblief 'n geldige e-posadres in,Ju lutemi vendosni një adresë të vlefshme emaili,እባክዎን የሚሰራ ኢሜል አድራሻ ያስገቡ,يرجى إدخال عنوان بريد إلكتروني صالح,Խնդրում ենք մուտքագրել վավեր էլփոստի հասցե։,Lütfən etibarlı bir e-poçt ünvanı daxil edin,অনুগ্রহ করে একটি বৈধ ইমেইল ঠিকানা প্রবেশ করান,Sartu baliozko helbide elektroniko bat,"Калі ласка, увядзіце дзейсны адрас электроннай пошты",ကျေးဇူးပြု၍ တရားဝင်သော အီးမေးလ် လိပ်စာကို ထည့်ပါ။,"Si us plau, introduïu una adreça de correu electrònic vàlida",Unesite valjanu adresu e-pošte,Vinsamlegast sláðu inn gilt netfang.,Silakan masukkan alamat email yang valid,ದಯವಿಟ್ಟು ಮಾನ್ಯ ಇಮೇಲ್ ವಿಳಾಸ ನಮೂದಿಸಿ,Жарамды электрондық пошта мекенжайын енгізіңіз,សូមបញ្ចូលអាសយដ្ឋានអ៊ីម៉ែលដែលត្រឹមត្រូវ,유효한 이메일 주소를 입력해 주세요.,Жарактуу электрондук почта дарегин киргизиңиз,ກະລຸນາໃສ່ທີ່ຢູ່ອີເມວທີ່ຖືກຕ້ອງ,Ве молиме внесете валидна е-поштенска адреса,Sila masukkan alamat emel yang sah,ദയവായി സാധുവായ ഇമെയിൽ വിലാസം നൽകുക,Та зөв и-мэйл хаяг оруулна уу,कृपया मान्य इमेल ठेगाना प्रविष्ट गर्नुहोस्।,Vennligst skriv inn en gyldig e-postadresse,لطفاً یک آدرس ایمیل معتبر وارد کنید,ਕ੃ਪਾ ਕਰਕੇ ਇੱਕ ਵੈਧ ਈਮੇਲ ਪਤਾ ਭਰੋ।,Per plaschair endatescha ina adressa d'email valaivla,කරුණාකර වලංගු ඊමේල් ලිපිනයක් ඇතුලත් කරන්න.,தயவுசெய்து செல்லுபடியான மின்னஞ்சல் முகவரியை உள்ளிடவும்,దయచేసి చెల్లుబాటు అయ్యే ఇమెయిల్ చిరునామాను నమోదు చేయండి,โปรดป้อนที่อยู่อีเมลที่ถูกต้อง,Lütfen geçerli bir e-posta adresi giriniz,"Будь ласка, введіть дійсну електронну адресу",براہ کرم درست ای میل ایڈریس درج کریں۔,Vui lòng nhập địa chỉ email hợp lệ,Sicela ufake ikheli le-imeyili elivumelekile,Pakipasok ang wastong email address,"Por favor, introduce un enderezo de correo electrónico válido","გთხოვთ, შეიტანეთ მართებული ელ-ფოსტის მისამართი","אנא הזן כתובת דוא""ל תקפה",Unesite važeću adresu e-pošte,કૃપા કરીને માન્ય ઈમેલ સરનામું દાખલ કરો,Tafadhali ingiza anwani ya barua pepe halali
email_address,,Email Address,E-Mail-Adresse,Dirección de correo electrónico,Adresse e-mail,Endereço de e-mail,Indirizzo email,E-mailadres,Adres e-mail,Адрес электронной почты,メールアドレス,电子邮件地址,Endereço de email,Имейл адрес,Emailová adresa,E-mailadresse,E-posti aadress,Sähköpostiosoite,Διεύθυνση Email,E-mail cím,E-pasta adrese,El. pašto adresas,Adresa de email,Emailová adresa,E-poštni naslov,E-postadress,ईमेल पता,E-posadres,Adresa e Email-it,ኢሜል አድራሻ,عنوان البريد الإلكتروني,Էլեկտրոնային Հասցե,Elektron poçt ünvanı,ইমেইল ঠিকানা,Helbide elektronikoa,Адрас электроннай пошты,အီးမေးလ် လိပ်စာ,Adreça electrònica,Adresa e-pošte,Tölvupóstfang,Alamat Email,ಇಮೇಲ್ ವಿಳಾಸ,Электрондық пошта мекенжайы,អាសយដ្ឋានអ៊ីមែល,이메일 주소,Электрондук почтанын дареги,ທີ່ຢູ່ອີເມລ,Е-поштенска адреса,Alamat E-mel,ഇമെയിൽ വിലാസം,Имэйл хаяг,ईमेल ठेगाना,E-postadresse,آدرس ایمیل,ਈਮੇਲ ਪਤਾ,Adressa d'e-mail,ඊමේල් ලිපිනය,மின்னஞ்சல் முகவரி,ఈమెయిల్ చిరునామా,ที่อยู่อีเมล์,E-posta Adresi,Адреса електронної пошти,ای میل ایڈریس,Địa chỉ email,Ikheli le-imeyili,Email Address,Enderezo de correo electrónico,ელ.ფოსტის მისამართი,"כתובת דוא""ל",Imejl adresa,ઇમેઇલ સરનામું,Anwani ya Barua Pepe
role,,Role,Rolle,Rol,Rôle,Função,Ruolo,Rol,Rola,Роль,役割,角色,Cargo,Роля,Role,Rolle,Roll,Rooli,Ρόλος,Szerep,Loma,Vaidmuo,Rol,Rola,Vloga,Roll,भूमिका,Rol,Roli,ሚና,دور,Դեր,Rol,ভূমিকা,Rola,Роля,အခန်းကဏ္ဍ,Rol,Uloga,Hlutverk,Peran,ಪಾತ್ರ,Рөл,តួនាទី,역할,Ролу,ບົດບາດ,Улога,Peranan,റോൾ,Үүрэг,भूमिका,Rolle,نقش,ਭੂਮਿਕਾ,Rola,භූමිකාව,பங்கு,పాత్ర,บทบาท,Rol,Роль,کردار,Vai trò,Indima,Tungkulin,Papel,როლი,תפקיד,Uloga,ભૂમિકા,Wajibu
view_or_edit_attendance_details,,View / edit attendance details,Details zur Teilnahme ansehen/bearbeiten,Ver / editar detalles de asistencia,Afficher / modifier les détails de présence,Visualizar / editar detalhes de presença,Visualizza/modifica i dettagli della partecipazione,Bekijk / bewerk aanwezigheidsdetails,Wyświetl / edytuj szczegóły obecności,Просмотр / редактирование деталей посещения,参加情報の表示/編集,查看/编辑出勤详情,Visualizar / editar detalhes de presença,Преглед / редакция на детайли за присъствие,Zobrazit / Upravit údaje o účasti,Se / rediger oplysninger om deltagelse,Vaata / muuda osalemise andmeid,Näytä / muokkaa osallistumistietoja,Προβολή / επεξεργασία λεπτομερειών παρουσίας,Megtekintés / részvételi adatok szerkesztése,Apskatiet / labojiet apmeklējuma datus,Peržiūrėti / redaguoti dalyvavimo detales,Vizualizare / editare detalii participare,Zobraziť/upraviť detaily účasti,Preglej/uredi podrobnosti udeležbe,Visa / redigera deltagardetaljer,उपस्थिति विवरण देखें / संपादित करें,Bekyk / wysig bywoningsbesonderhede,Shiko / ndrysho detajet e pjesëmarrjes,የተሳታፊነት ዝርዝሮችን ማየት / ማስተካከል,عرض / تعديل تفاصيل الحضور,Դիտել / խմբագրել հաճախորդության մանրամասները,Tədbirə qatılım məlumatlarını görüntülə / redaktə et,উপস্থিতি বিবরণ দেখুন / সম্পাদনা করুন,Ikusi / editatu bertaratzearen xehetasunak,Прагляд / рэдагаванне дадзеных аб удзеле,တက်ရောက်မှုအသေးစိတ်ကြည့်ရန် / ပြင်ဆင်ရန်,Veure / editar detalls de l'assistència,Pregledaj / uredi detalje prisutnosti,Skoða / breyta mætingarupplýsingum,Lihat / edit detail kehadiran,ಹಾಜರಾತಿ ವಿವರಗಳನ್ನು ವೀಕ್ಷಿಸಿ / ಸಂಪಾದಿಸಿ,Қатысу мәліметтерін қарау / өңдеу,មើល / កែសម្រួលព័ត៌មានវត្តមាន,출석 세부 정보 보기/수정,Катышуу маалыматтарын көрүү / оңдоо,ເບິ່ງ / ແກ້ໄຂລາຍລະອຽດການເຂົ້າເຊີນ,Преглед / уреди детали за присуство,Lihat / sunting butiran kehadiran,ഹാജരായിരിക്കുന്ന വിവരങ്ങൾ കാണുക / തിരുത്തുക,Үзэх / ирц дэлгэрэнгүйг засварлах,उपस्थिति विवरण हेर्नुहोस् / सम्पादन गर्नुहोस्,Se / rediger oppmøtedetaljer,مشاهده / ویرایش جزئیات حضور,ਉਪਸਥਿਤੀ ਵੇਰਵੇ ਦੇਖੋ / ਸੋਧੋ,Visualisar / modifitgar detagls da preschientscha,පැමිණීමේ විස්තර බලන්න / සංස්කරණය කරන්න,கலந்துரையாடல் விவரங்களை பார்வையிடு / திருத்து,హాజరు వివరాలను చూడండి / సవరించండి,ดู / แก้ไขรายละเอียดการเข้าร่วม,Katılım detaylarını görüntüle / düzenle,Переглянути / редагувати деталі участі,حاضری کی تفصیلات دیکھیں / ترمیم کریں,Xem / chỉnh sửa chi tiết tham dự,Buka / hlela imininingwane yokuhambela,Tingnan / i-edit ang mga detalye ng pagdalo,Ver / editar detalles de asistencia,დასწრების დეტალების ნახვა / რედაქტირება,צפה / ערוך את פרטי הנוכחות,Pregledaj / izmeni detalje prisustva,હાજરી વિગતો જુઓ / સંપાદિત કરો,Angalia / hariri maelezo ya mahudhurio
attendee_status,,Attendee status,Teilnahmestatus,Estado del asistente,Statut du participant,Status do participante,Stato del partecipante,Deelnemersstatus,Status uczestnika,Статус участника,参加者の状態,参与者状态,Status do participante,Статус на участника,Stav účastníka,Deltagerstatus,Osaleja staatus,Osallistujan tila,Κατάσταση συμμετέχοντα,Résztvevő állapota,Dalībnieka statuss,Dalyvio būsena,Starea participantului,Stav účastníka,Status udeleženca,Deltagarstatus,प्रतिभागी स्थिति,Genooide se status,Statusi i pjesëmarrësit,የእንቅስቃሴ ሁኔታ,حالة المشارك,Մասնակցության վիճակը,İştirakçı statusu,অংশগ্রহণকারীর অবস্থা,Bertaratze-egoera,Статус удзельніка,တက်ရောက်သူအခြေအနေ,Estat de l'assistent,Status sudionika,Staða þátttakanda,Status peserta,ಭಾಗವಹಿಸುವವರ ಸ್ಥಿತಿ,Қатысушының мәртебесі,ស្ថានភាពអ្នកចូលរួម,참석자 상태,Катышуучунун абалы,ສະຖານະຜູ້ເຂົ້າຮ່ວມ,Статус на учесникот,Status peserta,പങ്കെടുക്കുന്നവരുടെ സ്ഥിതി,Оролцогчийн байдал,उपस्थितको स्थिति,Deltakerstatus,وضعیت شرکت‌کننده,ਉਪਸਥਿਤੀ ਸਥਿਤੀ,Status da participants,ක්‍රියාකාරී තත්වය,பங்கேற்பாளரின் நிலை,హాజరు స్థితి,สถานะผู้เข้าร่วม,Katılımcı durumu,Статус учасника,حاضری کی حیثیت,Trạng thái người tham dự,Isimo somhlanganyeli,Katayuan ng dumalo,Estado do asistente,დასწრების სტატუსი,סטטוס משתתף,Status učesnika,હાજરી સ્થિતિ,Hali ya mshiriki
REQUIRED,,Required,Erforderlich,Requerido,Exigé,Obrigatório,Richiesto,Vereist,Wymagane,Требуется,必須,必填,Obrigatório,Задължително,Požadováno,Påkrævet,Nõutav,Pakollinen,Απαιτείται,Kötelező,Nepieciešams,Reikalingas,Obligatoriu,Povinné,Zahtevano,Krävs,आवश्यक,Vereis,Kërkohet,አስፈላጊ,مطلوب,Պահանջվում է,Tələb olunur,প্রয়োজনীয়,Beharrezkoa,Патрабуецца,လိုအပ်သည်,Obligatori,Potrebno,Nauðsynlegt,Diperlukan,ಅಗತ್ಯವಿದೆ,Қажет,តម្រូវការ,필수,Талап кылынат,ທີ່ຈໍາເປັນ,Потребно,Diperlukan,ആവശ്യമാണ്,Шаардлагатай,आवश्यक,Påkrevd,ضروری,ਲੋੜੀਂਦਾ,Obliguond,අවශ්‍යයි,தேவைப்படுகிறது,అవసరం,ต้องการ,Gerekli,Потрібно,ضروری,Yêu cầu,Kudingekile,Kinakailangan,Obrigatorio,საჭიროა,נדרש,Obavezno,જરૂરી,Inahitajika
OPTIONAL,,Optional,Optional,Opcional,Facultatif,Opcional,Facoltativo,Optioneel,Opcjonalnie,Необязательно,オプショナル,可选的,Opcional,По избор,Volitelné,Valgfri,Valikuline,Valinnainen,Προαιρετικό,Opcionális,Izvēles,Pasirinktinai,Opțional,Voliteľné,Neobvezno,Valfri,वैकल्पिक,Opsioneel,Opsionale,አማራጭ,اختياري,Ընտրովիր,Seçimlik,ঐচ্ছিক,Aukerakoa,Неабавязкова,ရွေးယူနိုင်သည်,Opcional,Neobavezno,Valfrjálst,Opsional,ಐಚ್ಛಿಕ,Қосымша,ស្រេចចិត្ត,선택 사항,Ыктыярдуу,ທາງເລືອກ,Опционално,Pilihan Malaysia,ഐച്ഛികം,Сонголт боломжтой,वैकल्पिक,Valgfritt,اختیاری,ਵਿਕਲਪਿਕ,Facultativ,විකල්ප වේ.,விருப்பத்தேர்வு,ఐచ్ఛికం,ตัวเลือกเสริม,İsteğe Bağlı,Необов'язково,اختیاری,Tùy chọn,Ongakukhetha,Opsyonal,Opcional,არჩევითი,אופציונלי,Opciono,વૈકલ્પિક,Hiari
RESOURCE,,Resource,Ressource,Recurso,Ressource,Recurso,Risorsa,Bron,Zasób,Ресурс,リソース,资源,Recurso,Ресурс,Zdroj,Ressource,Ressurss,Resurssi,Πόρος,Erőforrás,Resurss,Išteklius,Resursă,Zdroj,Vir,Resurs,संसाधन,Hulpbron,Burim,ምንጭ,مورد,Ռեսուրս,Resurs,সম্পদ,Baliabide,Рэсурс,အရင်းအမြစ်,Recurs,Resurs,Auðlind,Sumber daya,ಸಂಪನ್ಮೂಲ,Ресурс,ធនធាន,리소스,Ресурс,ຊັບພະຍາກອນ,Ресурс,Sumber,വിഭവം,Нөөц,स्रोत,Ressurs,منبع,ਸਰੋਤ,Resursa,සම්පත,வளம்,వనరు,ทรัพยากร,Kaynak,Ресурс,وسیلہ,Nguồn lực,Isixazululo,Mapagkukunan,Recurso,რესურსი,משאב,Resurs,સંપદा,Rasilimali
ACCEPTED,,Accepted,Akzeptiert,Aceptado,Accepté,Aceito,Accettato,Geaccepteerd,Zaakceptowane,Принято,承認済み,已接受,Aceito,Прието,Přijato,Accepteret,Vastu võetud,Hyväksytty,Αποδεκτό,Elfogadva,Pieņemts,Priimta,Acceptat,Prijať,Sprejeto,Godkänd,स्वीकृत,Aanvaar,Pranuar,ተቀበለ,مقبول,Համաձայնել եմ,Qəbul edildi,গৃহীত,Onartua,Прынята,လက်ခံပြီး,Acceptat,Prihvaćeno,Samþykkt,Diterima,ಸ್ವೀಕೃತವಾಗಿದೆ,Қабылданды,បានទទួលយក,수락됨,Кабыл алынды,ຍອມຮັບ,Прифатено,Diterima,സ്വീകരിച്ചു,Зөвшөөрөгдсөн,स्वीकार गरियो,Akseptert,پذیرفته شد.,ਸਵੀਕਾਰਿਆ ਗਿਆ,Acceptà,පිළිගත්,ஏற்கப்பட்டது,ఆమోదించబడింది,ยอมรับแล้ว,Kabul Edildi,Прийнято,قبول کیا گیا,Đã chấp nhận,Yamukelwe,Tinanggap,Aceptado,მიღებულია,מאושר,Prihvaćeno,સ્વીકાર્યું,Imekubaliwa
DECLINED,,Declined,Abgelehnt,Rechazado,Refusé,Recusado,Rifiutato,Geweigerd,Odrzucone,Отклонено,却下されました,已拒绝,Recusado,Отказан,Odmítnuto,Afvist,Keeldutud,Hylätty,Απορρίφθηκε,Elutasítva,Noraidīts,Atmesta,Refuzat,Zamietnuté,Zavrnjeno,Nekad,अस्वीकृत,Geweier,Refuzuar,ተከለከለ,مرفوض,Մերժված է,İmtina edildi,প্রত্যাখ্যাত,Baztertua,адхілены,ငြင်းပယ်ခဲ့သည်,Rebutjat,Odbijeno,Hafnað,Ditolak,ನಿರಾಕರಿಸಲಾಗಿದೆ,Бас тартылды,បានបដិសេធ,거절됨,Четке кагылды,ປະຕິເສດ,Одбиено,Ditolak,നിരസിച്ചു,Татгалзсан,अस्वीकार गरियो,Avslått,رد شده,ਅਸਵੀਕਾਰ ਕੀਤਾ ਗਿਆ,Refusà,ප්‍රතික්ෂේප කරන ලදී,நிராகரிக்கப்பட்டது,తిరస్కరించబడింది,ปฏิเสธแล้ว,Reddedildi,Відхилено,مسترد کر دیا گیا,Từ chối,Yaliwe,Tinanggihan,Rechazado,უარყოფილი,נדחה,Odbijeno,નકારી કાઢ્યું,Imekataliwa
INVITED,,Invited,Eingeladen,Invitado,Invité,Convidado,Invitato,Uitgenodigd,Zaproszono,Приглашённые,招待されました,受邀的,Convidado,Поканен,Pozvaní,Inviteret,Kutsutud,Kutsuttu,Προσκεκλημένος,Meghívott,Uzaicinātie,Pakviesti,Invitat,Pozvaný,Povabljeni,Inbjuden,आमंत्रित,Uitgenooi,Të ftuar,ተጋብዘዋል,مدعو,Հրավիրված,Dəvət edilmişdir,আমন্ত্রিত,Gonbidatuta,Запрошаныя,ဖိတ်ခေါ်ခဲ့သည်,Convidat,Pozvani,Bjóðað,Diundang,ಆಹ್ವಾನಿತರು,Шақырылды,ត្រូវបានអញ្ជើញ,초대됨,Чакырылган,ເຊີນຊວນ,Поканети,Dijemput,ക്ഷണിച്ചു,Урьж байна,निम्तो गरिएको,Invitert,دعوت شده,ਸੱਦਿਆ ਗਿਆ,Envidàs/envidadas,ආරාධිතයි,அழைக்கப்பட்டவர்கள்,ఆహ్వానించబడింది,เชิญแล้ว,Davet Edildi,Запрошені,مدعو کیا گیا,Được mời,Mememile,Inimbitahan,Convidado,მოწვეული,מוזמנ/ת,Pozvani,આમંત્રિત,Umealikwa
Daily,,Daily,Täglich,Diario,Quotidien,Diariamente,Quotidiano,Dagelijks,Codziennie,Ежедневно,毎日,每日,Diariamente,Ежедневно,Denně,Dagligt,Igapäevaselt,Päivittäin,Καθημερινά,Napi,Ikdienas,Kasdienai,Zilnic,Denne,Dnevno,Dagligen,प्रतिदिन,Daagliks,Ditore,ዕለታዊ,يوميًا,Օրական,Gündəlik,দৈনিক,Egunero,Штодзень,နေ့စဉ်,Diàriament,Svakodnevno,Daglega,Harian,ದಿನನಿತ್ಯa,Күнделікті,ប្រចាំថ្ងៃ,매일,Күн сайын,ວັນແຕ່ລະວັນ,Дневно,Setiap hari,ദിവസേന,Өдөр тутмын,दैनिक,Daglig,روزانه,ਰੋਜ਼ਾਨਾ,Diariamain,දිනපතා,தினசரி,ప్రతిరోజు,รายวัน,Günlük,Щоденно,روزانہ,Hàng ngày,Nsuku zonke,Araw-araw,Diario,ყოველდღიური,יומי,Dnevno,દૈનિક,Kila siku
Weekly,,Weekly,Wöchentlich,Semanalmente,Hebdomadaire,Semanalmente,Settimanale,Wekelijks,Tygodniowo,Еженедельно,週間ごとに,每周,Semanalmente,Седмично,Týdně,Ugentlig,Nädalane,Viikoittain,Εβδομαδιαία,Hetente,Iknedēļas,Savaitinis,Săptămânal,Týždenne,Tedensko,Veckovis,साप्ताहिक,Weekliks,Javore,ሳምንታዊ,أسبوعيًا,Շաբաթական,Həftəlik,সাপ্তাহিক,Astero,Штотыдзень,အပတ်စဉ်,Setmanalment,Tjedno,Vikulega,Mingguan,ವಾರಕ್ಕೊಮ್ಮೆ,Аптасына бір рет,ប្រចាំសប្តាហ៍,주간,Жумалык,ທຸກອາທິດ,Неделно,Mingguan,ആഴ്ചതോറും,Долоо хоног бүр,साप्ताहिक,Ukentlig,هفتگی,ਹਫ਼ਤਾਵਾਰी,Emnilmain,සතිපතා,வாராந்திரம்,వారంలో ఒకసారి,รายสัปดาห์,Haftalık,Щотижня,ہفتہ وار,Hàng tuần,Masonto onke,Lingguhan,Semanalmente,ყოველკვირაში,שבועי,Nedeljno,સાપ્તાહિક,Wikiendi
Monthly,,Monthly,Monatlich,Mensualmente,Mensuellement,Mensalmente,Mensile,Maandelijks,Miesięczny,Ежемесячно,月間,每月,Mensalmente,Месечно,Měsíčně,Månedlig,Igakuine,Kuukausittain,Μηνιαία,Havi,Ikmeņēji,Mėnesinis,Lunar,Mesačne,Mesečno,Månatlig,मासिक,Maandeliks,Mujore,ወርሃዊ,شهريًا,Ամսական,Aylıq,মাসিক,Hilero,Штомесячна,လစဉ်,Mensualment,Mjesečno,Mánaðarlega,Bulanan,ಮಾಸಿಕ,Ай сайын,ប្រចាំខែ,월간,Ай сайын,ດຸ່ນລາຍເດືອນ,Месечно,Bulanan,പ്രതിമാസം,Сар бүр,मासिक,Månedlig,ماهانه,ਮਾਸਿਕ,Mintgail mais,මාසිකව,மாதந்தோறுм,నెలవారీ,รายเดือน,Aylık,Щомісяця,ماہانہ,Hàng tháng,Ngenyanga,Buwanan,Mensualmente,ყოველთვიური,חודשי,Mesečno,માસિક,Kila Mwezi
Yearly,,Yearly,Jährlich,Anualmente,Annuel,Anualmente,Annuale,Jaarlijks,Rocznie,Ежегодно,年次,每年,Anualmente,Годишен,Ročně,Årligt,Iga-aastane,Vuosittain,Ετήσια,Évenkénti,Ikgadējs,Kasmetinis,Anual,Ročne,Letno,Årligen,वार्षिक,Jaarliks,Vjetor,ዓመታዊ,سنويًا,Ամենամյա,İllik,বার্ষিক,Urtero,Штогоднае,နှစ်စဉ်,Anualment,Godišnje,Árlega,Tahunan,ವಾರ್ಷಿಕೋತ್ಸವದ,Жыл сайынғы,ប្រចាំឆ្នាំ,매년,Жыл сайын,ປະຈຳປີ,Годишно,Tahunan,വാർഷികം,Жил бүр,वार्षिक,Årlig,سالانه,ਸਾਲਾਨਾ,Mintg'onn,වාර්ෂිකව,ஆண்டு தோறுм்,వార్షికం,รายปี,Yıllık,Щорічно,سالانہ,Hàng năm,Minyaka yonke,Taunan,Anualmente,წლიური,שנתי,Godišnje,વાર્ષિકો,Kila mwaka
all,,All,Alle,Todo,Tous,Todos,Tutti,Alle,Wszystko,Все,すべて,全部,Tudo,Всички,Všechno,Alle,Kõik,Kaikki,Όλα,Minden,Visi,Visi,Toate,Všetko,Vse,Alla,सभी,Almal,Të gjitha,ሁሉም,الكل,Բոլորը,Bütün,সব,Guztiak,Усе,အားလုံး,Tot,Svi,Allt,Semua,ಎಲ್ಲಾ,Барлық,ទាំងអស់,모두,Баары,ທັງໝົດ,Сите,Semua,എല്ലാം,Бүгд,सबै,Alle,همه,ਸਭਿ,Tut,සියල්ල,அனைத்து,అన్ని,ทั้งหมด,Hepsi,Всі,سب,Tất cả,Konke,Lahat,Todo,ყველა,כל,Svi,બધા,Wote
cancel,,Cancel,Abbrechen,Cancelar,Annuler,Cancelar,Annulla,Annuleren,Anuluj,Отмена,キャンセル,取消,Cancelar,Отмяна,Zrušit,Annuller,Tühista,Peruuta,Ακύρωση,Mégse,Atcelt,Atšaukti,Anulează,Zrušiť,Prekliči,Avbryt,रद्द करें,Kanselleer,Anulo,ሰርዝ,إلغاء,Չեղարկել,Ləğv et,বাতিল করুন,Utzi,Адмяніць,ပယ်ဖျက်ရန်,Cancel·la,Odustani,Hætta við,Batalkan,ರದ್ದುಮಾಡಿ,Болдырмау,បោះបង់,취소,Жокко чыгаруу,ຍົກເລີກ,Откажи,Batal,റദ്ദാക്കുക,Цуцлах,रद्द गर्नुहोस्,Avbryt,لغو کردن,ਰੱਦ ਕਰੋ,Annulaziun,අවලංගු කරන්න,ரத்து செய்யவும்,రద్దు,ยกเลิก,İptal et,Скасувати,منسوخ کریں,Hủy,Khansela,Kanselahin,Cancelar,გაუქმება,ביטול,Откажи,રદ્દ કરો,Ghairi
reset,,Reset,Zurücksetzen,Restablecer,Réinitialiser,Redefinir,Reimposta,Opnieuw instellen,Resetuj,Сбросить,リセット,重置,Redefinir,Нулиране,Obnovit,Nulstil,Lähtesta,Nollaa,Επαναφορά,Visszaállítás,Atiestatīt,Atstatyti,Resetați,Obnoviť,Ponastavi,Återställ,रीसेट करें,Herstel,Rivendos,እንደገና ቀን ይመልሱ,إعادة تعيين,Վերակայել,Sıfırla,রিসেট করুন,Berrezarri,Скід,ပြန်လည်သတ်မှတ်ပါ,Restablir,Poništi,Endurstilla,Atur Ulang,ಹಿಂದಿಗಿರಿಸಿ,Қалпына келтіру,កំណត់ឡើងវិញ,재설정,Кайра баштоо,ກູ້ຄືນ,Ресетирај,Tetapkan Semula,പുനഃക്രമീകരിക്കുക,Шинээр тохируулах,रिसेट,Tilbakestill,تنظیم مجدد,ਰੀਸੈੱਟ,Reimposta,අලුත්කරන්න,மீட்டமைக்கவும்,రీసెట్,รีเซ็ต,Sıfırla,Скинути,ری سیٹ کریں,Đặt lại,Setha Kabusha,I-reset,Restablecer,აღდგენა,איפוס,Poništi,રીસેટ,Weka Upya
calendar,,Calendar,Kalender,Calendario,Calendrier,Calendário,Calendario,Agenda,Kalendarz,Календарь,カレンダー,日历,Calendário,Календар,Kalendář,Kalender,Kalender,Kalenteri,Ημερολόγιο,Naptár,Kalendārs,Kalendorius,Calendar,Kalendár,Koledar,Kalender,कैलेंडर,Kalender,Kalendari,ካሌንደር,التقويم,Օրացույց,Təqvim,ক্যালেন্ডার,Egutegia,Каляндар,ပြက္ခ ဒရ်မှတ်,Calendari,Kalendar,Dagatal,Kalender,ಕ್ಯಾಲೆಂಡರ್,Күнтізбе,ប្រតិទិន,달력,Жылнаама,ປະຕິທິນ,Календар,Kalendar,കാലണ്ടർ,Цагийн хуваарь,क्यालेन्डर,Kalender,تقویم,ਕੈਲੰਡਰ,Chalendar,දින දර්ශනය,நாட்காட்டி,క్యాలెండర్,ปฏิทิน,Takvim,Календар,کیلنڈر,Lịch,Ikhalenda,Kalendaryo,Calendario,კალენდარი,לוח שנה,Kalendar,કેલેન્ડર,Kalenda
confirm_cancellation,Cancelling of an calendar event,Delete event,Termin löschen,Eliminar evento,Supprimer le rendez-vous,Cancelar compromisso,Elimina evento,Afspraak verwijderen,Usuń termin,Удалить встречу,予定を削除,删除预约,Excluir evento,Изтриване на среща,Smazat událost,Slet aftale,Kustuta sündmus,Poista tapahtuma,Διαγραφή ραντεβού,Időpont törlése,Dzēst tikšanos,Panaikinti terminą,Ștergeți evenimentul,Zrušiť termín,Izbriši termin,Radera möte,ईवेंट हटाएं,Termyn uitvee,Fshij takimin,ቀጠሮ ማጥፋት,حذف الموعد,Հանդիպման ջնջում,Tərtibatı sil,টারমিন মুছে ফেলুন,Termina ezabatu,Выдаліць сустрэчу,ရက်ချိန်းကိုဖျက်ရန်,Esborrar cita,Izbriši termin,Eyða viðburði,Hapus janji temu,ಕಾರ್ಯಕ್ರಮವನ್ನು ರದ್ದುಮಾಡಿ,Кездесуді жою,លុប​កិច្ចប្រជុំ,일정 삭제,Жолугушууну жокко чыгаруу,ລຶບນັດ,Откажи термин,Padam janji temu,അവസാനം റദ്ദാക്കുക,Цаглал устгах,कार्यक्रम हटाउनुहोस्,Slett avtale,حذف قرار,ਟਰਮਿਨ ਹਟਾਓ,Stizzar termin,කාලසටහනේ අවස්ථාව මකා දමන්න.,நிகழ்வை இரத்து செய்யவும்,కాలెండర్ ఈవెంట్ ని తొలగించు,ลบกิจกรรม,Randevuyu sil,Видалити подію,تقریب منسوخ کریں,Xóa cuộc hẹn,Susa umcimbi,Kanselahin ang appointment,Eliminar evento,შეხვედრის გაუქმება,למחוק פגישה,Otkaži termin,કાર્યક્રમ રદ કરો,Futa tukio
confirm_cancellation_text,,Setting state to canceled will delete this event.. Are you sure you want to proceed?,"Wenn Sie den Status auf „abgebrochen“ setzen, wird dieser Termin gelöscht. Sind Sie sicher, dass Sie fortfahren möchten?","Si establece el estado en ""cancelado"", esta cita se eliminará. ¿Está seguro de que desea continuar?","Si vous définissez le statut sur « annulé », ce rendez-vous sera supprimé. Êtes-vous sûr de vouloir continuer ?","Se você definir o status como ""cancelado"", este compromisso será excluído. Tem certeza de que deseja continuar?","Se imposti lo stato su ""annullato"", questo appuntamento verrà eliminato. Sei sicuro di voler continuare?","Als u de status op ""geannuleerd"" zet, wordt deze afspraak verwijderd. Weet u zeker dat u wilt doorgaan?","Jeśli ustawisz status na „anulowano”, to spotkanie zostanie usunięte. Czy na pewno chcesz kontynuować?","Если вы установите статус ""отменено"", эта встреча будет удалена. Вы уверены, что хотите продолжить?",ステータスを「キャンセル」に設定すると、この予定が削除されます。続行してもよろしいですか？,如果您将状态设置为“已取消”，该预约将被删除。您确定要继续吗？,"Se você definir o status como ""cancelado"", este compromisso será excluído. Tem certeza de que deseja continuar?","Ако промените състоянието на „отменен“, този термин ще бъде изтрит. Сигурни ли сте, че искате да продължите?","Pokud nastavíte stav na „zrušeno“, bude tato schůzka smazána. Jste si jistý, že chcete pokračovat?","Hvis du sætter status til ""aflyst"", vil denne aftale blive slettet. Er du sikker på, at du vil fortsætte?","Kui määrate olekuks ""tühistatud"", kustutatakse see kohtumine. Kas olete kindel, et soovite jätkata?","Jos asetat tilan ""peruuntunut"", tämä tapaaminen poistetaan. Oletko varma, että haluat jatkaa?","Αν ορίσετε την κατάσταση σε «ακυρώθηκε», αυτό το ραντεβού θα διαγραφεί. Είστε σίγουροι ότι θέλετε να συνεχίσετε;","Ha az állapotot „lemondottra” állítja, ez a találkozó törlődik. Biztosan folytatni szeretné?","Ja iestatīsit statusu uz “atcelts”, šis termiņš tiks izdzēsts. Vai tiešām vēlaties turpināt?","Jei nustatysite būseną į „atšaukta“, šis susitikimas bus ištrintas. Ar tikrai norite tęsti?","Dacă setați starea la „anulat”, această întâlnire va fi ștearsă. Sunteți sigur că doriți să continuați?","Ak nastavíte stav na „zrušené“, tento termín bude vymazaný. Ste si istí, že chcete pokračovať?","Če nastavite status na »prekinjeno«, bo ta termin izbrisan. Ste prepričani, da želite nadaljevati?","Om du ändrar statusen till ""avbruten"" kommer denna bokning att tas bort. Är du säker på att du vill fortsätta?","यदि आप स्थिति को ""रद्द"" पर सेट करते हैं, तो यह अपॉइंटमेंट हटा दी जाएगी। क्या आप वाकई जारी रखना चाहते हैं?","As u die status op ""gekanseleer"" stel, sal hierdie afspraak uitgevee word. Is u seker dat u wil voortgaan?","Nëse vendosni statusin në ""anuluar"", ky takim do të fshihet. Jeni i sigurt që dëshironi të vazhdoni?","የጉዳዩን ሁኔታ ወደ ""ተቋርጧል"" የሚለው ከተቀየረ፣ ጊዜው ይሰረዛል። ለመቀጠል እርግጠኛ ኖት?","إذا قمت بتغيير الحالة إلى ""ملغى""، سيتم حذف هذا الموعد. هل أنت متأكد أنك تريد المتابعة؟","Եթե կարգավիճակը փոխեք «չեղարկված», այս հանդիպումը կջնջվի։ Վստահ եք, որ ցանկանում եք շարունակել?","Statusu ""ləğv olundu"" olaraq təyin etsəniz, bu görüş silinəcək. Davam etmək istədiyinizdən əminsinizmi?","আপনি স্ট্যাটাস ""বাতিল"" এ সেট করলে, এই নিয়োগটি মুছে ফেলা হবে। আপনি কি নিশ্চিতভাবে চালিয়ে যেতে চান?","Egoera ""utzi"" bezala ezartzen baduzu, hitzordu hau ezabatuko da. Ziur zaude jarraitu nahi duzula?","Калі вы ўсталюеце статус „скасавана“, гэты сустрэча будзе выдалена. Вы сапраўды жадаеце працягнуць?","ဤအချိန်ချိန်းကို ""ပျက်သိမ်း"" အဖြစ်သတ်မှတ်ပါက အဆိုပါအချိန်ချိန်းကို ဖျက်သိမ်းမည်ဖြစ်သည်။ သင်ဆက်လက်ဆောင်ရွက်လိုသနည်း?","Si canvies l'estat a ""cancel·lat"", aquesta cita s'eliminarà. Estàs segur que vols continuar?","Ako postavite status na ""otkazano"", ovaj termin će biti izbrisan. Jeste li sigurni da želite nastaviti?","Ef þú setur stöðuna á „hætt við“, verður þessum tíma eytt. Ertu viss um að þú viljir halda áfram?","Jika Anda mengatur status menjadi ""dibatalkan"", janji ini akan dihapus. Apakah Anda yakin ingin melanjutkan?","ನೀವು ಸ್ಥಿತಿಯನ್ನು ""ರದ್ದು"" ಆಗಿ ಸೆಟ್ ಮಾಡಿದರೆ, ಈ ಅಪಾಯಿಂಟ್‌ಮೆಂಟ್ ಅಳಿಸಲಾಗುತ್ತದೆ. ನೀವು ಮುಂದುವರಿಸಲು ಬಯಸುತ್ತಿರುವುದರ ಬಗ್ಗೆ ನೀವು ಖಚಿತವಾಗಿರಾ?","Егер сіз күйін ""болдырмады"" деп өзгертсеңіз, бұл кездесу жойылады. Жалғастырғыңыз келетініне сенімдісіз бе?","ប្រសិនបើអ្នកកំណត់ស្ថានភាពទៅជា ""បានលុបចោល"" ការណាត់ជួបនេះនឹងត្រូវបានលុបចោល។ តើអ្នកប្រាកដទេថាអ្នកចង់បន្ត?","이 상태를 ""취소""로 설정하면 이 일정이 삭제됩니다. 계속하시겠습니까?","Эгер сиз абалды ""токтотулду"" деп өзгөртсөңүз, бул жолугушуу жок кылынат. Чын эле улантууну каалайсызбы?","ຖ້າຫາກທ່ານຕັ້ງສະຖານະໃຫ້ເປັນ ""ຍົກເລີກ"" ການນັດເຈົ້າຈະໄດ້ຖືກລຶບ. ທ່ານແນ່ໃຈບໍວ່າທ່ານຕ້ອງການທີ່ຈະດໍາເນີນການຕໍ່?","Ако ја поставите состојбата на „откажано“, овој термин ќе биде избришан. Дали сте сигурни дека сакате да продолжите?","Sekiranya anda menetapkan status kepada ""dibatalkan"", temu janji ini akan dipadamkan. Adakah anda pasti ingin meneruskan?","ഈ സ്ഥിതിയെ ""റദ്ദാക്കിയതായി"" നിശ്ചയിച്ചാൽ, ഈ പരിപാടി ഇല്ലാതാക്കപ്പെടും. നിങ്ങൾക്ക് തുടരാൻ ഉറപ്പാണോ?","Хэрэв та төлөвийг ""цуцлагдсан"" болгон тохируулбал энэ уулзалт устах болно. Үргэлжлүүлэхийг хүсч байна уу?","यदि तपाईंले स्थिति ""रद्द गरिएको"" मा राख्नुभयो भने, यो भेट मेटिनेछ। के तपाइँ जारी राख्न निश्चित हुनुहुन्छ?","Hvis du setter statusen til «avbrutt», vil denne avtalen bli slettet. Er du sikker på at du vil fortsette?","اگر وضعیت را به ""لغو شده"" تغییر دهید، این قرار حذف خواهد شد. آیا مطمئن هستید که می‌خواهید ادامه دهید؟","ਜੇ ਤੁਸੀਂ ਸਥਿਤੀ ਨੂੰ ""ਰੱਦ"" ’ਤੇ ਸੈੱਟ ਕਰੋਗੇ, ਤਾਂ ਇਹ ਮੀਟਿੰਗ ਹਟਾ ਦਿੱਤੀ ਜਾਵੇਗੀ। ਕੀ ਤੁਸੀਂ ਜਾਰੀ ਰੱਖਣਾ ਚਾਹੁੰਦੇ ਹੋ?","Sche vus tschentais il status sin ""annullà"", questa fixada vegn a vegnir stizzada. Esses Vus segir che Vus vulais cuntinuar?","ඔබ තත්ත්වය ""අවලංගු කරන ලදී"" ලෙස සකස් කළහොත්, මෙම හාදුව මකා දැමිණේ. ඔබට ඉදිරියට යාමට අවශ්‍යද?","உங்கள் நிலையை ""செல்லாமலாக்கப்பட்டது"" என்று மாற்றினால், இந்த நேர்முகம் அழிக்கப்படும். நீங்கள் தொடர விரும்புகிறீர்களா?","మీరు స్థితిని ""రద్దు చేయబడినది"" గా సెట్ చేస్తే, ఈ నియామకం తొలగించబడుతుంది. మీరు కొనసాగించాలనుకుంటున్నారా?","หากคุณตั้งค่าสถานะเป็น ""ยกเลิก"" การนัดหมายนี้จะถูกลบ คุณแน่ใจหรือไม่ว่าต้องการดำเนินการต่อ?","Durumu ""iptal edildi"" olarak ayarlarsanız, bu randevu silinecektir. Devam etmek istediğinizden emin misiniz?","Якщо ви встановите статус ""скасовано"", цей запис буде видалено. Ви впевнені, що хочете продовжити?","اگر آپ اس موقف کو ""منسوخ"" پر سیٹ کرتے ہیں، تو یہ ملاقات حذف ہو جائے گی۔ کیا آپ واقعی جاری رکھنا چاہتے ہیں؟","Nếu bạn đặt trạng thái thành ""đã hủy"", cuộc hẹn này sẽ bị xóa. Bạn có chắc chắn muốn tiếp tục không?","Uma usetha isimo ku- ""abgebhangiwe"", lo mhlangano uzosuswa. Uqinisekile ukuthi ufuna ukuqhubeka?","Kapag itinakda mo ang status sa ""kinansela,"" mabubura ang appointment na ito. Sigurado ka bang nais mong magpatuloy?","Se establece o estado como ""cancelado"", esta cita será eliminada. Está seguro de que desexa continuar?","თუ სტატუსს „გაუქმდა“-ზე დააყენებთ, ეს შეხვედრა წაიშლება. დარწმუნებული ხართ, რომ გსურთ გაგრძელება?","אם תשנה את הסטטוס ל“מבוטל“, המינוי יימחק. האם אתה בטוח שברצונך להמשיך?","Ako postavite status na „otkazan“, ovaj termin će biti izbrisan. Da li ste sigurni da želite da nastavite?","જો તમે સ્થિતિને ""રદ"" પર સેટ કરો છો, તો આ નિયુક્તિ દૂર કરવામાં આવશે. તમે ખાતરી છો કે તમે આગળ વધવા માંગો છો?","Ukibadilisha hali kuwa ""imefutwa,"" miadi hii itaondolewa. Una uhakika unataka kuendelea?"
keep_event,,Keep event,Termin beibehalten,Mantener la cita,Maintenir le rendez-vous,Manter compromisso,Mantenere l'appuntamento,Afspraak behouden,Zachowaj termin,Сохранить термин,予定を保持,保留日期,Manter compromisso,Запазване на срещата,Zachovat termín,Behold aftale,Termin säilitada,Pidä tapaaminen ennallaan,Διατήρηση ραντεβού,Találkozó megtartása,Saglabāt iecelšanu,Išlaikyti susitikimą,Păstrează termenul,Termín ponechať,Zadrži termin,Behåll bokningen,टर्मिन बनाए रखें,Hou afspraak,Mbaj terminin,ቀጠሮን ቆይታ,الإبقاء على الموعد,Հանդիպումը պահպանել,Təyinatı saxlamaq,সাক্ষাতের সময় অপরিবর্তিত রাখুন,Hitzordua mantendu,Захаваць сустрэчу,ရက်ချိန်းကိုမပြောင်းပါ,Mantenir la cita,Zadrži termin,Halda tíma,Pertahankan janji,ಟರ್ಮಿನ್ ಅಥವಾ ಅವಧಿ ಉಳಿಸು,Терминді сақтау,រក្សាទុកកាលវិភាគ,약속 유지,Терминди сактоо,ຮັກສາເວລາພົວພັນ,Зачувај термин,Kekalkan janji temu,നിശ്ചിത സമയം നിലനിർത്തുക,Товлосон цагийг хадгалах,अपॉइन्टमेन्ट कायम राख्नुहोस्,Behold avtale,حفظ وقت ملاقات,ਮੁਲਾਕਾਤ ਕਾਇਮ ਰੱਖਣਾ,Mantgnair termin,දිනය රදවන්න,நியமனத்தை பராமரிக்கவும்,నియామకాన్ని కొనసాగించండి,เก็บนัดหมายไว้,Termini koru,Залишити термін,ملاقات برقرار رکھیں,Giữ nguyên cuộc hẹn,Gcina isikhathi,Panatilihin ang appointment,Manter cita,შეხვედრის შენარჩუნება,השאר את הפגישה,Zadrži termin,ટર્મિન સાચવવું,Weka miadi
at_time_of_event,,At time of event,Zum Zeitpunkt des Ereignisses,En el momento del evento,Au moment de l'événement,No momento do evento,Al momento dell'evento,op het moment van de gebeurtenis,W momencie wydarzenia,Во время события,イベント時刻に,在活动时间,No momento do evento,По време на събитието,V době události,På tidspunktet for begivenheden,Sündmuse ajal,Tapahtumahetkellä,Τη στιγμή του γεγονότος,Az esemény időpontjában,Pasākuma laikā,Įvykio metu,La momentul evenimentului,V čase udalosti,Ob času dogodka,Vid tidpunkten för evenemanget,कार्यक्रम के समय,Tydens gebeurtenis,Në kohën e ngjarjes,ከዝግጅቱ ጊዜ በስተጀርባ,وقت الحدث,Միջոցառման պահին,Tədbir zamanı,ইভেন্টের সময়ে,Ekitaldiaren unean,У час падзеі,ဖြစ်ရပ်အချိန်တွင်,En el moment de l'esdeveniment,U vrijeme događaja,Við atburðinn,Pada saat acara,ಈವೆಂಟ್ ಸಮಯದಲ್ಲಿ,Іс-шара уақыты бойынша,នៅពេលព្រឹត្តិការណ៍ជា្ល្ងើ,이벤트 시간에,Иш-чара учурунда,ໃນເວລາຂອງເຫດການ,Во време на настанот,Pada masa acara,ഇവന്റ് സമയത്ത്,Үйл явдлын үеэр,कार्यक्रमको समयमा,Ved tidspunktet for arrangementet,در زمان رویداد,ਇਵੈਂਟ ਦੇ ਸਮੇਂ,Al mument da l'occurrenza,කාර්යය පැවැත්වෙන වේලාවේ,நிகழ்வின் நேரத்தில்,ప్రమాద సమయంలో,ในเวลาที่เกิดเหตุการณ์,Etkinlik zamanı,Під час події,تقریب کے وقت,Tại thời điểm diễn ra sự kiện,Ngesikhathi somcimbi,Sa oras ng kaganapan,No momento do evento,ღონისძიების დროს,בזמן האירוע,U vreme događaja,કાર્યક્રમ વખતે,Wakati wa tukio
